策略,日期,计划购电量_kWh,调整后购电量_kWh,上调量_kWh,下调量_kWh,紧急购电量_kWh,剩余电量_kWh,计划购电费_元,调整成本_元,紧急购电费_元,总成本_元
问题2_固定价,2025-01-01,59482.69899835391,59482.69899835391,0.0,0.0,36514.41488333333,21.217300000000023,35126.948589289634,0.0,146586.90245181666,181713.85104110627
问题2_固定价,2025-01-02,96753.50334999998,96753.50334999998,0.0,0.0,2483.2580333333335,1633.1887833333317,61781.39773861999,0.0,9532.153857958338,71313.55159657833
问题2_固定价,2025-01-03,98619.97145999999,98619.97145999999,0.0,0.0,0.0,48396.69676,63232.679862232995,0.0,0.0,63232.679862232995
问题2_固定价,2025-01-04,98004.51399333333,98004.51399333333,0.0,0.0,34.972000000000094,48555.550293333334,62821.475280112,0.0,74.77013600000019,62896.245416112
问题2_固定价,2025-01-05,97354.01020666666,97354.01020666666,0.0,0.0,1229.3539633333323,2829.320536666668,62348.99382232166,0.0,4559.542472879995,66908.53629520166
问题2_固定价,2025-01-06,98172.78473666665,98172.78473666665,0.0,0.0,757.8362599999996,3579.8065633333326,62965.730267545,0.0,3028.8215083366663,65994.55177588166
问题2_固定价,2025-01-07,98432.29296666666,98432.29296666666,0.0,0.0,1301.057266666667,2448.1159499999994,63163.87445622666,0.0,4838.583651258334,68002.458107485
问题2_固定价,2025-01-08,98849.30433423868,98849.30433423868,0.0,0.0,679.9091699999996,5278.490523333332,63468.41530601542,0.0,2240.321182218332,65708.73648823376
问题2_固定价,2025-01-09,98876.26993662551,98876.26993662551,0.0,0.0,659.252509999999,3724.8510066666654,63464.945333494325,0.0,2032.331162354997,65497.27649584932
问题2_固定价,2025-01-10,99140.03475600823,99140.03475600823,0.0,0.0,0.0,48924.12666333333,63640.10882652526,0.0,0.0,63640.10882652526
问题2_固定价,2025-01-11,98941.74066851851,98941.74066851851,0.0,0.0,4.073999999999955,49345.42568333333,63505.769638460515,0.0,8.710211999999904,63514.47985046051
问题2_固定价,2025-01-12,98708.41511049382,98708.41511049382,0.0,0.0,434.4146500000009,3539.613316666668,63345.34583034771,0.0,1392.0199145583358,64737.36574490605
问题2_固定价,2025-01-13,98735.89710917695,98735.89710917695,0.0,0.0,400.972923333333,6129.6875199999995,63348.71430799825,0.0,1183.0721481699989,64531.78645616824
问题2_固定价,2025-01-14,98667.84399119341,98667.84399119341,0.0,0.0,457.99217000000067,5116.400179999999,63303.28247649345,0.0,1392.2384800833352,64695.52095657679
问题2_固定价,2025-01-15,98655.48356358024,98655.48356358024,0.0,0.0,387.2580933333336,4243.990719999998,63286.76376307735,0.0,1738.1450970183341,65024.90886009569
问题2_固定价,2025-01-16,98713.81482320986,98713.81482320986,0.0,0.0,579.5568666666674,5488.4512399999985,63365.846119079644,0.0,2375.6772555483362,65741.52337462798
问题2_固定价,2025-01-17,98725.7587148148,98725.7587148148,0.0,0.0,0.0,51308.947799999994,63392.93902165647,0.0,0.0,63392.93902165647
问题2_固定价,2025-01-18,98513.48133279834,98513.48133279834,0.0,0.0,27.15599999999995,50573.37521666666,63235.38574118894,0.0,58.05952799999989,63293.44526918894
问题2_固定价,2025-01-19,98303.80850411522,98303.80850411522,0.0,0.0,221.06625999999994,5119.926546666666,63078.997545749735,0.0,932.2229857299998,64011.22053147974
问题2_固定价,2025-01-20,98269.94741716048,98269.94741716048,0.0,0.0,248.75444666666704,5732.474379999999,63064.452667732716,0.0,949.6427439783342,64014.095411711045
问题2_固定价,2025-01-21,98221.24965,98221.24965,0.0,0.0,301.32523,10328.336863333332,63035.347012936996,0.0,947.2953564983334,63982.64236943533
问题2_固定价,2025-01-22,98091.34502,98091.34502,0.0,0.0,422.77699000000075,4897.024310000002,62931.781548371335,0.0,1521.6734915816692,64453.455039953005
问题2_固定价,2025-01-23,98551.21067999999,98551.21067999999,0.0,0.0,302.50450000000023,4569.456246666667,63316.42833566333,0.0,1071.945554825001,64388.37389048833
问题2_固定价,2025-01-24,51380.93223148147,51380.93223148147,0.0,0.0,441.88846666666643,7902.248543333334,26920.406658576438,0.0,1421.8364237333335,28342.24308230977
问题2_固定价,2025-01-25,50920.54486547325,50920.54486547325,0.0,0.0,216.56075333333314,8618.00449,26735.356862567012,0.0,938.7541800350001,27674.111042602013
问题2_固定价,2025-01-26,97501.38090666666,97501.38090666666,0.0,0.0,474.9115366666666,5558.9690766666645,62510.867408868326,0.0,1288.8554838399998,63799.72289270833
问题2_固定价,2025-01-27,96161.22133333332,96161.22133333332,0.0,0.0,395.1366599999992,7643.107876666668,61538.836763575324,0.0,1322.6683265399968,62861.50509011532
问题2_固定价,2025-01-28,97220.55735666666,97220.55735666666,0.0,0.0,420.1887166666662,5942.0133733333305,62137.58594484666,0.0,1437.4429890233314,63575.02893386999
问题2_固定价,2025-01-29,97965.71188666666,97965.71188666666,0.0,0.0,170.63616666666655,12032.813669999998,62861.88956928866,0.0,556.5461327049998,63418.43570199366
问题2_固定价,2025-01-30,98522.47905999998,98522.47905999998,0.0,0.0,128.43567666666695,10189.998619999998,63242.87833333866,0.0,641.1001979000001,63883.97853123866
问题2_固定价,2025-01-31,51013.021321810695,51013.021321810695,0.0,0.0,238.15632333333298,8407.376263333334,26697.67839161406,0.0,1060.6096695466654,27758.288061160725
问题2_固定价,2025-02-01,50559.04985864197,50559.04985864197,0.0,0.0,44.446113333333415,12152.078129999998,26530.79824267404,0.0,158.90826043833366,26689.70650311237
问题2_固定价,2025-02-02,97605.17865999999,97605.17865999999,0.0,0.0,7.8597966666665116,14538.427173333335,62540.71722154966,0.0,33.96500009666609,62574.682221646326
问题2_固定价,2025-02-03,95932.84456,95932.84456,0.0,0.0,9.575653333333321,11007.17038,61328.75708668866,0.0,20.04184242666664,61348.79892911533
问题2_固定价,2025-02-04,97056.06946333332,97056.06946333332,0.0,0.0,73.69183666666663,11216.564016666667,61997.37967391866,0.0,220.8232996133336,62218.202973531996
问题2_固定价,2025-02-05,97443.45995666666,97443.45995666666,0.0,0.0,8.339886666666757,11985.039526666666,62498.39609444133,0.0,52.378658210000566,62550.77475265133
问题2_固定价,2025-02-06,98109.64387999999,98109.64387999999,0.0,0.0,7.976970000000051,13128.230299999997,62970.360272269325,0.0,29.46464531833345,62999.82491758766
问题2_固定价,2025-02-07,50485.10496057613,50485.10496057613,0.0,0.0,28.165076666666664,14637.681053333334,26399.41505480358,0.0,178.79330573666667,26578.208360540244
问题2_固定价,2025-02-08,49871.53768514403,49871.53768514403,0.0,0.0,42.748189999999965,14270.165003333332,26102.41941434106,0.0,294.70203331999977,26397.12144766106
问题2_固定价,2025-02-09,96910.29616333332,96910.29616333332,0.0,0.0,0.26875666666671805,12636.81562,62025.01674141433,0.0,0.5185659883334325,62025.535307402664
问题2_固定价,2025-02-10,95202.39864999999,95202.39864999999,0.0,0.0,17.708333333333485,16175.136066666668,60753.49189753433,0.0,119.23020833333436,60872.722105867666
问题2_固定价,2025-02-11,96121.39529333332,96121.39529333332,0.0,0.0,23.10654666666676,16205.571373333332,61334.44331172866,0.0,116.38957626666726,61450.832887995326
问题2_固定价,2025-02-12,96679.48848333333,96679.48848333333,0.0,0.0,11.244016666666766,16705.66303333333,61966.211741565,0.0,74.32229439166734,62040.53403595667
问题2_固定价,2025-02-13,97506.16808333332,97506.16808333332,0.0,0.0,6.5031166666665285,21464.85885,62525.79897649666,0.0,43.86352191666573,62569.66249841333
问题2_固定价,2025-02-14,49726.90633271605,49726.90633271605,0.0,0.0,7.210583333333375,15870.227949999999,25964.53387806259,0.0,46.859028625000256,26011.39290668759
问题2_固定价,2025-02-15,49191.38394238683,49191.38394238683,0.0,0.0,55.73736666666673,15904.442366666664,25700.900468615306,0.0,366.01908472500037,26066.919553340304
问题2_固定价,2025-02-16,96233.38373333332,96233.38373333332,0.0,0.0,34.64298333333318,16172.314283333331,61514.718385224995,0.0,233.8803977416656,61748.598782966656
问题2_固定价,2025-02-17,94463.74931666665,94463.74931666665,0.0,0.0,17.1114166666664,18578.66423333333,60189.63373123666,0.0,105.81521184166556,60295.44894307833
问题2_固定价,2025-02-18,95118.8431,95118.8431,0.0,0.0,0.0,18309.12198333333,60614.91021543833,0.0,0.0,60614.91021543833
问题2_固定价,2025-02-19,96198.95165999999,96198.95165999999,0.0,0.0,52.61876000000018,18653.909703333335,61599.04795034199,0.0,231.68090818666715,61830.72885852866
问题2_固定价,2025-02-20,97001.17410999999,97001.17410999999,0.0,0.0,19.44724333333329,21309.154286666664,62156.076147764,0.0,95.69596594333298,62251.77211370733
问题2_固定价,2025-02-21,49156.36401259259,49156.36401259259,0.0,0.0,26.90476999999987,19562.990433333332,25625.931978292778,0.0,128.00836065166607,25753.94033894444
问题2_固定价,2025-02-22,48513.45493271605,48513.45493271605,0.0,0.0,43.568886666666685,16680.295563333333,25352.409448943516,0.0,237.10800139666674,25589.517450340183
问题2_固定价,2025-02-23,95633.50559666666,95633.50559666666,0.0,0.0,40.59152999999992,19423.910109999997,61074.609968335324,0.0,196.4890965883334,61271.099064923656
问题2_固定价,2025-02-24,93883.32820999999,93883.32820999999,0.0,0.0,55.49844333333317,21017.459703333334,59751.43196931333,0.0,354.6351572433323,60106.06712655666
问题2_固定价,2025-02-25,94477.53700333333,94477.53700333333,0.0,0.0,50.78227333333325,23988.662709999997,60136.26982464833,0.0,265.41636454666684,60401.686189194996
问题2_固定价,2025-02-26,95758.84369999998,95758.84369999998,0.0,0.0,8.804666666666662,22234.466999999997,61260.002103913655,0.0,55.22727166666664,61315.229375580326
问题2_固定价,2025-02-27,96516.29159,96516.29159,0.0,0.0,2.4610300000000507,24843.835086666666,61801.00049826933,0.0,15.386028871666982,61816.38652714099
问题2_固定价,2025-02-28,48639.59701506173,48639.59701506173,0.0,0.0,46.479263333333336,21337.434409999998,25336.419364037072,0.0,282.34833795333356,25618.767701990408
问题2_固定价,2025-03-01,47843.41626629629,47843.41626629629,0.0,0.0,24.72949666666665,20211.01097,24997.623787507036,0.0,161.55319222833324,25159.17697973537
问题2_固定价,2025-03-02,95063.6801,95063.6801,0.0,0.0,33.776693333333355,18020.816393333334,60651.060308290995,0.0,166.2463298366669,60817.30663812766
问题2_固定价,2025-03-03,93345.67440999999,93345.67440999999,0.0,0.0,104.03480999999954,16714.229253333335,59362.695736785,0.0,574.9167803466639,59937.61251713166
问题2_固定价,2025-03-04,93863.76585333333,93863.76585333333,0.0,0.0,5.561820000000125,19951.536406666666,59680.76362833533,0.0,27.287181900000743,59708.05081023533
问题2_固定价,2025-03-05,93966.78278333333,93966.78278333333,0.0,0.0,17.91753333333361,23135.894966666667,59870.116818074326,0.0,85.30820165000122,59955.425019724324
问题2_固定价,2025-03-06,94142.68932333332,94142.68932333332,0.0,0.0,32.94888999999989,23516.650746666666,60018.72862987766,0.0,133.91395745999944,60152.64258733766
问题2_固定价,2025-03-07,46906.13315390947,46906.13315390947,0.0,0.0,28.6651733333332,22012.27654,24397.452034137677,0.0,81.56623631999985,24479.018270457676
问题2_固定价,2025-03-08,45316.99936374486,45316.99936374486,0.0,0.0,26.716843333333316,22396.385986666664,23636.43935294295,0.0,130.54764693833323,23766.986999881286
问题2_固定价,2025-03-09,92885.06057666666,92885.06057666666,0.0,0.0,60.37983000000031,24893.58202333333,58963.444027419326,0.0,330.93042547000204,59294.37445288933
问题2_固定价,2025-03-10,90961.57613814814,90961.57613814814,0.0,0.0,117.18639333333306,18343.560776666665,57546.87591223866,0.0,572.8883029133323,58119.76421515199
问题2_固定价,2025-03-11,91330.04448333333,91330.04448333333,0.0,0.0,74.16722666666601,22746.959576666664,57823.31966721232,0.0,400.25707417166404,58223.57674138399
问题2_固定价,2025-03-12,91747.83557106995,91747.83557106995,0.0,0.0,76.4370766666666,24677.89864,58095.628233128584,0.0,227.86488453833329,58323.49311766692
问题2_固定价,2025-03-13,91227.58932263374,91227.58932263374,0.0,0.0,88.60474666666676,19108.000336666668,57825.89497976474,0.0,509.7113244216672,58335.6063041864
问题2_固定价,2025-03-14,43954.90116106995,43954.90116106995,0.0,0.0,46.30381333333321,24064.42528333333,22811.37006213427,0.0,249.83554468666586,23061.205606820935
问题2_固定价,2025-03-15,41966.61903333333,41966.61903333333,0.0,0.0,185.94980333333348,17338.81714,21862.441938606666,0.0,958.518478308334,22820.960416915
问题2_固定价,2025-03-16,90014.86681502058,90014.86681502058,0.0,0.0,21.672816666666563,22005.900973333333,56827.5907192727,0.0,103.5438204916663,56931.13453976437
问题2_固定价,2025-03-17,87995.90503,87995.90503,0.0,0.0,77.91911000000016,25655.692706666665,55376.50158906133,0.0,514.0025717866674,55890.504160847995
问题2_固定价,2025-03-18,87947.87769325102,87947.87769325102,0.0,0.0,75.25491666666642,22257.872396666666,55485.14978273418,0.0,383.8571560233328,55869.00693875751
问题2_固定价,2025-03-19,87356.70060666665,87356.70060666665,0.0,0.0,15.415053333333276,23346.64521,54782.17740641866,0.0,98.46161859999957,54880.63902501866
问题2_固定价,2025-03-20,87901.33827670781,87901.33827670781,0.0,0.0,156.49346666666673,21270.030173333333,55353.704932107736,0.0,910.3698653900001,56264.074797497735
问题2_固定价,2025-03-21,40659.91416617284,40659.91416617284,0.0,0.0,159.03296999999952,24880.743756666667,21086.255566952026,0.0,762.5147319966649,21848.77029894869
问题2_固定价,2025-03-22,38830.299462181065,38830.299462181065,0.0,0.0,42.10609999999997,19272.520706666666,20322.9619672202,0.0,93.4746656666665,20416.436632886867
问题2_固定价,2025-03-23,86719.25734333332,86719.25734333332,0.0,0.0,121.89807666666684,23511.435303333332,54397.155200522655,0.0,645.5701909816679,55042.725391504326
问题2_固定价,2025-03-24,84636.79924234567,84636.79924234567,0.0,0.0,102.72424666666711,22282.671146666664,52896.342039190866,0.0,302.76582249000154,53199.10786168087
问题2_固定价,2025-03-25,85158.19454333333,85158.19454333333,0.0,0.0,117.93128333333266,19766.001109999997,53415.427815002324,0.0,526.9035499149971,53942.33136491732
问题2_固定价,2025-03-26,83126.62367082304,83126.62367082304,0.0,0.0,107.61128666666662,23206.84361666667,51840.21175181532,0.0,381.22428567833276,52221.43603749365
问题2_固定价,2025-03-27,83859.17157526748,83859.17157526748,0.0,0.0,139.5296133333332,20808.602706666665,52396.349400243205,0.0,575.8714054666656,52972.22080570987
问题2_固定价,2025-03-28,37643.53435345679,37643.53435345679,0.0,0.0,115.63011333333299,23282.085146666665,19654.41448410237,0.0,455.9029805516656,20110.317464654036
问题2_固定价,2025-03-29,36826.262829794236,36826.262829794236,0.0,0.0,99.32761666666642,25680.292206666665,19261.31082265849,0.0,525.0043475449993,19786.31517020349
问题2_固定价,2025-03-30,83081.0591120576,83081.0591120576,0.0,0.0,141.8766366666663,23426.15929,51775.17994203864,0.0,481.050903306665,52256.2308453453
问题2_固定价,2025-03-31,81497.77978436583,81497.77978436583,0.0,0.0,68.79205666666667,20206.01657,50555.04843844495,0.0,248.78139544499984,50803.82983388995
问题2_固定价,2025-04-01,80190.12861956666,80190.12861956666,0.0,0.0,191.65051666666636,15767.852623333334,49652.95688089615,0.0,966.2481979216665,50619.20507881782
问题2_固定价,2025-04-02,79934.34794372428,79934.34794372428,0.0,0.0,191.26247666666654,15273.515196666667,49696.63710168131,0.0,1027.3977475899985,50724.0348492713
问题2_固定价,2025-04-03,79570.00285833333,79570.00285833333,0.0,0.0,166.826816666667,19467.218249999998,49230.96701746533,0.0,645.1094362383353,49876.07645370367
问题2_固定价,2025-04-04,35745.646461769546,35745.646461769546,0.0,0.0,100.94848999999994,25961.580543333326,18609.933538908368,0.0,548.8123950966669,19158.745934005037
问题2_固定价,2025-04-05,35447.37595938271,35447.37595938271,0.0,0.0,153.5886899999996,20180.177509999994,18542.068460486775,0.0,421.22958278666556,18963.29804327344
问题2_固定价,2025-04-06,80956.70116999999,80956.70116999999,0.0,0.0,141.6926699999999,22286.650906666666,50114.35153886266,0.0,654.0469561999997,50768.39849506266
问题2_固定价,2025-04-07,78007.6620167078,78007.6620167078,0.0,0.0,87.98640666666694,20519.1809,48048.719953746724,0.0,360.2192639400006,48408.93921768672
问题2_固定价,2025-04-08,77652.9546553498,77652.9546553498,0.0,0.0,154.37906999999961,19105.413856666666,47750.01317911382,0.0,568.9423576266647,48318.95553674049
问题2_固定价,2025-04-09,77474.84980567901,77474.84980567901,0.0,0.0,134.11256333333347,14085.53551333333,47842.13114657228,0.0,396.3591654216665,48238.49031199395
问题2_固定价,2025-04-10,76227.70874716049,76227.70874716049,0.0,0.0,155.40126333333296,17680.270006666666,47010.55781860885,0.0,680.4324852566648,47690.99030386552
问题2_固定价,2025-04-11,34374.63829074074,34374.63829074074,0.0,0.0,285.2638,26010.471916666662,17787.297840999778,0.0,1133.3149362600004,18920.612777259776
问题2_固定价,2025-04-12,34216.183274650204,34216.183274650204,0.0,0.0,80.67402333333348,22009.004569999997,17835.772665346678,0.0,299.60800973666716,18135.380675083343
问题2_固定价,2025-04-13,76536.2733674897,76536.2733674897,0.0,0.0,121.84798,18140.413776666668,46977.264009245606,0.0,586.6469349150001,47563.910944160605
问题2_固定价,2025-04-14,75590.81437954732,75590.81437954732,0.0,0.0,164.1356966666666,18998.74857,46333.91376664864,0.0,649.9737156533324,46983.88748230197
问题2_固定价,2025-04-15,75148.45728436213,75148.45728436213,0.0,0.0,137.0813566666668,20914.172626666663,46004.544164640676,0.0,666.6430281350003,46671.18719277568
问题2_固定价,2025-04-16,74328.14527325102,74328.14527325102,0.0,0.0,215.4059199999997,14521.590576666667,45539.09997366257,0.0,744.7905051566653,46283.89047881923
问题2_固定价,2025-04-17,73943.10971954731,73943.10971954731,0.0,0.0,45.38524333333339,16951.67134333333,45326.281371765974,0.0,254.11127860833406,45580.39265037431
问题2_固定价,2025-04-18,33206.69286160494,33206.69286160494,0.0,0.0,87.60786666666644,23750.05455,17193.85556719792,0.0,348.810315463333,17542.66588266125
问题2_固定价,2025-04-19,32885.03970460905,32885.03970460905,0.0,0.0,167.94006333333328,23148.758126666664,17135.174365371346,0.0,538.3146644949995,17673.489029866345
问题2_固定价,2025-04-20,73191.99465687243,73191.99465687243,0.0,0.0,46.774353333333465,17065.67558,44615.273563528404,0.0,101.4827009500003,44716.756264478405
问题2_固定价,2025-04-21,73183.65837374485,73183.65837374485,0.0,0.0,274.6478699999997,20732.316683333334,44588.503240228805,0.0,778.2921625316661,45366.79540276047
问题2_固定价,2025-04-22,72382.99339584362,72382.99339584362,0.0,0.0,192.5484033333331,16227.086556666665,44039.92143414278,0.0,680.5176594083326,44720.43909355112
问题2_固定价,2025-04-23,71246.6865416461,71246.6865416461,0.0,0.0,244.25081666666676,15901.828846666665,43250.46674826542,0.0,761.0530900850007,44011.51983835042
问题2_固定价,2025-04-24,71068.29563283951,71068.29563283951,0.0,0.0,155.39631000000008,19969.511643333335,43228.01573912174,0.0,652.4018467650001,43880.41758588674
问题2_固定价,2025-04-25,31889.896321522632,31889.896321522632,0.0,0.0,250.3119299999999,27097.902263333326,16535.735006171024,0.0,898.6245063783336,17434.359512549356
问题2_固定价,2025-04-26,31754.021436666684,31754.021436666684,0.0,0.0,240.27188999999993,28884.099693333334,16436.73565511867,0.0,944.5884953749999,17381.32415049367
问题2_固定价,2025-04-27,70413.99118296296,70413.99118296296,0.0,0.0,238.41448666666645,17880.170916666666,42695.832300744405,0.0,532.0732165650003,43227.9055173094
问题2_固定价,2025-04-28,70994.5582598354,70994.5582598354,0.0,0.0,341.3124666666664,10514.293583333334,42925.535058608024,0.0,968.6543989033335,43894.18945751136
问题2_固定价,2025-04-29,70833.40424164609,70833.40424164609,0.0,0.0,55.05919666666671,19270.538379999998,42860.94775030142,0.0,251.8581585583326,43112.80590885975
问题2_固定价,2025-04-30,69415.392755679,69415.392755679,0.0,0.0,295.2422233333334,17300.018213333333,41931.993989262475,0.0,976.6075680166668,42908.601557279144
问题2_固定价,2025-05-01,69395.09841592592,69395.09841592592,0.0,0.0,1896.6812899999995,16150.853583333335,41997.97417836644,0.0,8703.992903833332,50701.96708219977
问题2_固定价,2025-05-02,30748.747703333353,30748.747703333353,0.0,0.0,2319.3200300000003,15737.747649999996,15819.486280667674,0.0,9343.297482936667,25162.78376360434
问题2_固定价,2025-05-03,30946.52156000002,30946.52156000002,0.0,0.0,1826.2794833333332,20865.629393333336,15898.44780990634,0.0,9261.523761026667,25159.971570933005
问题2_固定价,2025-05-04,67214.35060950617,67214.35060950617,0.0,0.0,2206.437026666667,13543.153423333331,40471.29235034474,0.0,9947.469055500003,50418.76140584474
问题2_固定价,2025-05-05,67707.64941477367,67707.64941477367,0.0,0.0,1733.6095966666664,10212.041726666666,40610.58458274462,0.0,7871.646409365,48482.23099210962
问题2_固定价,2025-05-06,67556.04847358025,67556.04847358025,0.0,0.0,2083.0426033333333,12648.8491,40607.51287964696,0.0,8859.998736993333,49467.51161664029
问题2_固定价,2025-05-07,67346.47531802468,67346.47531802468,0.0,0.0,1848.5814100000002,10008.082086666667,40347.51062743496,0.0,8741.670918304999,49089.18154573996
问题2_固定价,2025-05-08,67429.47175090534,67429.47175090534,0.0,0.0,2002.4090666666668,9505.083779999999,40811.99808973086,0.0,8717.947664598334,49529.945754329194
问题2_固定价,2025-05-09,30451.19251666669,30451.19251666669,0.0,0.0,1264.6204233333333,20176.427089999997,15610.467961625009,0.0,6408.088748531668,22018.556710156678
问题2_固定价,2025-05-10,30493.713983333357,30493.713983333357,0.0,0.0,2058.9604166666663,17391.629116666667,15706.729433281009,0.0,9411.090422653333,25117.81985593434
问题2_固定价,2025-05-11,64821.30272185185,64821.30272185185,0.0,0.0,2248.823419999999,7482.708286666668,38765.90933176388,0.0,10536.27464824333,49302.18398000722
问题2_固定价,2025-05-12,65171.18213057613,65171.18213057613,0.0,0.0,1983.8928099999998,11096.667149999997,39037.28885056225,0.0,7815.878765408334,46853.16761597058
问题2_固定价,2025-05-13,66130.81808711933,66130.81808711933,0.0,0.0,1323.9431166666664,10223.099806666665,39717.24712572276,0.0,6551.086747816665,46268.33387353942
问题2_固定价,2025-05-14,66435.4416821399,66435.4416821399,0.0,0.0,1284.555186666667,10612.081859999998,39716.31451209434,0.0,6103.960837308336,45820.27534940268
问题2_固定价,2025-05-15,66162.4581745679,66162.4581745679,0.0,0.0,681.1240833333325,9979.669636666664,40102.42228899648,0.0,2744.845384984997,42847.26767398148
问题2_固定价,2025-05-16,30515.966660000024,30515.966660000024,0.0,0.0,1192.3360833333327,25952.796209999997,15851.244755394675,0.0,4979.270326978331,20830.515082373004
问题2_固定价,2025-05-17,30553.126860000026,30553.126860000026,0.0,0.0,1591.289763333333,18655.61754,15950.515202700011,0.0,7310.9333209416645,23261.448523641677
问题2_固定价,2025-05-18,64472.95145246913,64472.95145246913,0.0,0.0,1785.235563333333,8492.715516666667,38813.351306184966,0.0,5442.789738494999,44256.141044679964
问题2_固定价,2025-05-19,65102.00217518518,65102.00217518518,0.0,0.0,955.2436399999993,14415.104019999999,39055.739101243555,0.0,4980.609804646666,44036.34890589022
问题2_固定价,2025-05-20,65263.20929621399,65263.20929621399,0.0,0.0,2293.0445433333334,8936.91786,39309.85622952123,0.0,9727.686885625002,49037.54311514623
问题2_固定价,2025-05-21,65761.6421028395,65761.6421028395,0.0,0.0,1014.2546833333345,11340.55395,39372.01694760373,0.0,4315.918909416671,43687.935857020406
问题2_固定价,2025-05-22,64293.12016008229,64293.12016008229,0.0,0.0,424.34682999999893,9813.40762,38983.17835742498,0.0,1542.8974889233295,40526.07584634831
问题2_固定价,2025-05-23,30376.387110000025,30376.387110000025,0.0,0.0,1055.7232866666661,21971.161513333333,15894.128948072343,0.0,4142.334693883331,20036.463641955674
问题2_固定价,2025-05-24,30525.518330000028,30525.518330000028,0.0,0.0,562.4094533333332,24293.426399999997,16134.344386254013,0.0,2421.7167108716667,18556.06109712568
问题2_固定价,2025-05-25,64526.138783127564,64526.138783127564,0.0,0.0,538.6089833333334,12449.059019999997,38982.96023713952,0.0,2483.995381925001,41466.95561906453
问题2_固定价,2025-05-26,63934.86960650205,63934.86960650205,0.0,0.0,1871.8139300000003,7265.264526666669,38441.166996133354,0.0,6922.045623888334,45363.21262002169
问题2_固定价,2025-05-27,64252.93849699588,64252.93849699588,0.0,0.0,696.1207800000004,11601.545236666665,38823.216495872206,0.0,2862.0632342900008,41685.279730162205
问题2_固定价,2025-05-28,65158.78993724279,65158.78993724279,0.0,0.0,585.7722400000005,9455.857826666665,39106.60677060813,0.0,2157.1335937500007,41263.740364358135
问题2_固定价,2025-05-29,62865.66323868312,62865.66323868312,0.0,0.0,1586.1126366666663,6401.823160000001,38281.98878888963,0.0,5891.235124633332,44173.223913522954
问题2_固定价,2025-05-30,30139.792416666693,30139.792416666693,0.0,0.0,630.8996933333331,21134.458843333334,15839.174074613675,0.0,2314.691286074999,18153.865360688673
问题2_固定价,2025-05-31,30282.604216666696,30282.604216666696,0.0,0.0,645.8920033333329,19499.314670000003,16041.420804437012,0.0,2348.333087736665,18389.753892173678
问题2_固定价,2025-06-01,63504.47184987654,63504.47184987654,0.0,0.0,13766.20311,2117.8069866666656,38497.70248529422,0.0,52546.90874827333,91044.61123356756
问题2_固定价,2025-06-02,63906.04950456789,63906.04950456789,0.0,0.0,10962.846326666668,2344.4098033333325,38351.380337466806,0.0,45152.00473938334,83503.38507685014
问题2_固定价,2025-06-03,62434.450770370364,62434.450770370364,0.0,0.0,10367.302826666668,758.6249000000004,37898.49415747213,0.0,41980.79772106333,79879.29187853547
问题2_固定价,2025-06-04,63466.893606913574,63466.893606913574,0.0,0.0,10825.455633333333,848.3879133333331,38317.67782986604,0.0,41409.18795645333,79726.86578631937
问题2_固定价,2025-06-05,62583.85931349794,62583.85931349794,0.0,0.0,13021.229959999999,610.3160266666657,38091.036567659976,0.0,50093.77069184666,88184.80725950663
问题2_固定价,2025-06-06,29845.6164666667,29845.6164666667,0.0,0.0,13720.135659999998,9670.756726666668,15650.074800093013,0.0,55615.53361035665,71265.60841044967
问题2_固定价,2025-06-07,29939.78957000003,29939.78957000003,0.0,0.0,10904.024006666665,6677.300410000001,15808.682327823011,0.0,42974.300942661655,58782.98327048467
问题2_固定价,2025-06-08,65411.48603288066,65411.48603288066,0.0,0.0,6788.149399999998,3149.7636866666653,39755.9366409929,0.0,25951.900200949993,65707.83684194289
问题2_固定价,2025-06-09,65767.96240777777,65767.96240777777,0.0,0.0,10017.71919,910.78076,39637.82762008299,0.0,40461.77189041667,80099.59951049967
问题2_固定价,2025-06-10,64296.569355349784,64296.569355349784,0.0,0.0,12199.178246666665,1025.3147633333328,39015.108962379985,0.0,46558.74481730332,85573.85377968331
问题2_固定价,2025-06-11,64453.39983971193,64453.39983971193,0.0,0.0,15976.486036666663,563.7884633333333,39023.05122690683,0.0,66613.89381743166,105636.94504433848
问题2_固定价,2025-06-12,64767.32643362139,64767.32643362139,0.0,0.0,12408.36591,841.7170933333333,39470.057994646675,0.0,49233.43029170167,88703.48828634834
问题2_固定价,2025-06-13,30614.475943333364,30614.475943333364,0.0,0.0,7784.776906666665,7013.939150000001,16341.972585678013,0.0,31579.61566470666,47921.58825038467
问题2_固定价,2025-06-14,30788.049273333363,30788.049273333363,0.0,0.0,8360.52987,9915.236393333333,16450.65543919101,0.0,31527.65629296833,47978.311732159345
问题2_固定价,2025-06-15,68757.99294629629,68757.99294629629,0.0,0.0,7321.0474166666645,1573.6547466666675,42174.99445263292,0.0,29799.023038834992,71974.01749146791
问题2_固定价,2025-06-16,71312.34334991769,71312.34334991769,0.0,0.0,6694.887386666665,1277.921983333334,43589.03608714179,0.0,26814.840707989995,70403.87679513179
问题2_固定价,2025-06-17,69341.74316880658,69341.74316880658,0.0,0.0,10468.255979999998,1111.5963133333344,42302.8617362979,0.0,40604.30177035666,82907.16350665456
问题2_固定价,2025-06-18,69966.93024621399,69966.93024621399,0.0,0.0,5950.259656666664,1097.6853066666667,42563.72675607375,0.0,23046.138673871657,65609.8654299454
问题2_固定价,2025-06-19,70784.49283012346,70784.49283012346,0.0,0.0,3685.467189999997,2112.7169300000005,43379.955103009,0.0,14682.231990798322,58062.187093807326
问题2_固定价,2025-06-20,33024.13706000003,33024.13706000003,0.0,0.0,2347.3622399999986,9930.918450000001,18388.89313128701,0.0,7745.157721699996,26134.050852987006
问题2_固定价,2025-06-21,33003.704483333364,33003.704483333364,0.0,0.0,1551.4352733333321,12180.399356666663,18236.013638927678,0.0,5761.616466854995,23997.630105782675
问题2_固定价,2025-06-22,72874.56576134567,72874.56576134567,0.0,0.0,2928.0153266666644,4377.5186066666665,44641.96117611096,0.0,11369.229824336657,56011.191000447616
问题2_固定价,2025-06-23,75243.08983983827,75243.08983983827,0.0,0.0,1636.8176933333327,5612.43029,46394.16736651557,0.0,7170.58733116333,53564.7546976789
问题2_固定价,2025-06-24,74520.92546185185,74520.92546185185,0.0,0.0,7456.805616666666,1515.9016900000008,45698.783342861454,0.0,30538.496969264997,76237.28031212646
问题2_固定价,2025-06-25,74933.479918107,74933.479918107,0.0,0.0,3386.449473333331,3711.9310966666667,45933.147308909975,0.0,13155.31603461332,59088.4633435233
问题2_固定价,2025-06-26,73921.3966164609,73921.3966164609,0.0,0.0,2452.654476666667,4602.212639999999,45465.480124070615,0.0,10649.003748233336,56114.48387230394
问题2_固定价,2025-06-27,34295.970243333366,34295.970243333366,0.0,0.0,588.6173199999998,12072.941696666663,19387.59647558501,0.0,2146.586067011666,21534.182542596678
问题2_固定价,2025-06-28,33969.22975000003,33969.22975000003,0.0,0.0,1127.0650466666664,10279.368680000001,18935.551859932675,0.0,4325.011953324999,23260.563813257675
问题2_固定价,2025-06-29,74537.85716079999,74537.85716079999,0.0,0.0,2924.379990000002,4089.556049999999,45684.64892929159,0.0,11413.657707671673,57098.30663696326
问题2_固定价,2025-06-30,75986.50310366666,75986.50310366666,0.0,0.0,2579.5195366666667,4390.823283333333,46954.21851704346,0.0,9782.581912811665,56736.80042985513
问题2_固定价,2025-07-01,78581.49530666666,78581.49530666666,0.0,0.0,7405.300926666666,2874.08907,48558.222778576,0.0,26149.338189704995,74707.56096828099
问题2_固定价,2025-07-02,77101.21661076666,77101.21661076666,0.0,0.0,7177.461846666667,7128.647460000002,47434.788859970715,0.0,25263.411962108334,72698.20082207904
问题2_固定价,2025-07-03,75170.28102690534,75170.28102690534,0.0,0.0,9945.171416666668,1141.461486666666,46279.562123135234,0.0,36924.88022001834,83204.44234315357
问题2_固定价,2025-07-04,34462.08368000003,34462.08368000003,0.0,0.0,7787.192793333334,10328.409006666663,19508.007893918344,0.0,27606.415008963337,47114.422902881684
问题2_固定价,2025-07-05,34412.9624266667,34412.9624266667,0.0,0.0,8125.5387366666655,10708.421196666664,19272.50576168535,0.0,29591.847095178327,48864.352856863676
问题2_固定价,2025-07-06,76513.33689566667,76513.33689566667,0.0,0.0,10060.702290000001,2529.3394266666664,46949.38592327193,0.0,38744.19407821,85693.58000148193
问题2_固定价,2025-07-07,77129.9825728,77129.9825728,0.0,0.0,6895.85543,6354.441336666665,47728.43730542615,0.0,23285.599515686667,71014.03682111282
问题2_固定价,2025-07-08,80310.9431982716,80310.9431982716,0.0,0.0,6890.274433333333,7361.1559166666675,49862.24171368595,0.0,25388.06463069333,75250.30634437928
问题2_固定价,2025-07-09,79055.59449761316,79055.59449761316,0.0,0.0,6085.808003333333,6828.748220000001,48806.06912496442,0.0,22801.44559742166,71607.51472238608
问题2_固定价,2025-07-10,77580.59154500205,77580.59154500205,0.0,0.0,5852.030073333333,6338.331976666666,47998.20975531101,0.0,21371.406682934998,69369.616438246
问题2_固定价,2025-07-11,35758.14879333337,35758.14879333337,0.0,0.0,6838.193416666665,7037.565059999997,20465.52843940268,0.0,23748.88565375,44214.41409315268
问题2_固定价,2025-07-12,35750.13851000003,35750.13851000003,0.0,0.0,6587.518809999998,8213.413986666668,20296.280599042348,0.0,23579.822821364993,43876.10342040734
问题2_固定价,2025-07-13,78795.29652684362,78795.29652684362,0.0,0.0,5404.809643333333,10663.091919999999,48682.527987843874,0.0,20308.848796338334,68991.37678418221
问题2_固定价,2025-07-14,79067.17329830905,79067.17329830905,0.0,0.0,5646.0911099999985,8627.217430000002,49092.567407314054,0.0,21201.91699398833,70294.48440130238
问题2_固定价,2025-07-15,86080.37462876544,86080.37462876544,0.0,0.0,2387.2551099999982,11355.335663333335,54089.67215905568,0.0,8524.060599339993,62613.73275839567
问题2_固定价,2025-07-16,84412.92199213992,84412.92199213992,0.0,0.0,2866.6153899999977,10820.766653333334,52713.50778920705,0.0,10525.11160847499,63238.619397682036
问题2_固定价,2025-07-17,82892.02149697654,82892.02149697654,0.0,0.0,3050.159026666664,8947.75227333333,51820.15830240804,0.0,10801.400888144988,62621.55919055303
问题2_固定价,2025-07-18,39927.718483333374,39927.718483333374,0.0,0.0,2148.925929999997,7762.396313333332,23288.562155074014,0.0,7428.474291288322,30717.036446362337
问题2_固定价,2025-07-19,39660.81096000004,39660.81096000004,0.0,0.0,2882.6365799999967,12320.628489999996,23051.145162529683,0.0,10425.00555831499,33476.15072084467
问题2_固定价,2025-07-20,83798.2572792181,83798.2572792181,0.0,0.0,2224.809759999998,9600.79628666667,52363.00619706671,0.0,7928.211663661657,60291.217860728364
问题2_固定价,2025-07-21,84591.97128979424,84591.97128979424,0.0,0.0,2129.7782333333325,8402.726796666668,53128.06893844384,0.0,8003.691827153331,61131.760765597166
问题2_固定价,2025-07-22,89675.65080333334,89675.65080333334,0.0,0.0,1070.8951399999999,12549.73466,56731.08459179933,0.0,3280.877022711666,60011.961614511
问题2_固定价,2025-07-23,88043.2133911934,88043.2133911934,0.0,0.0,933.7967466666662,10402.990360000003,55419.53869563962,0.0,3760.770691229996,59180.309386869616
问题2_固定价,2025-07-24,86408.17165557655,86408.17165557655,0.0,0.0,938.2361200000001,9422.352946666666,54380.77596645717,0.0,3396.2216122816662,57776.99757873884
问题2_固定价,2025-07-25,42431.39813000004,42431.39813000004,0.0,0.0,843.3263999999999,13729.404963333334,24959.00131195168,0.0,3320.8755653466687,28279.87687729835
问题2_固定价,2025-07-26,42301.29821333337,42301.29821333337,0.0,0.0,943.5817866666658,11735.788433333333,24921.42130064635,0.0,3168.371644049998,28089.792944696346
问题2_固定价,2025-07-27,86915.81389609053,86915.81389609053,0.0,0.0,1476.9289133333336,10336.347906666668,54602.91703254654,0.0,4869.530582555002,59472.44761510154
问题2_固定价,2025-07-28,87436.62801633745,87436.62801633745,0.0,0.0,1146.5105566666673,6281.760053333333,55259.829643498066,0.0,4209.866652528335,59469.6962960264
问题2_固定价,2025-07-29,91044.18186333333,91044.18186333333,0.0,0.0,487.66810333333274,11060.937350000002,57633.33280046467,0.0,2062.1153026349984,59695.44810309966
问题2_固定价,2025-07-30,89301.4031548148,89301.4031548148,0.0,0.0,614.0603666666667,11444.025083333334,56397.61867505085,0.0,2488.092632641667,58885.711307692516
问题2_固定价,2025-07-31,87842.35663580247,87842.35663580247,0.0,0.0,541.2929833333328,9370.778053333335,55407.619763789306,0.0,1781.6800279499982,57189.29979173931
问题2_固定价,2025-08-01,43060.30025333337,43060.30025333337,0.0,0.0,726.766466666666,19495.707053333335,25409.072767166683,0.0,2504.971824064998,27914.04459123168
问题2_固定价,2025-08-02,42995.81435000004,42995.81435000004,0.0,0.0,301.05489999999986,19329.844316666666,25380.769138473683,0.0,1215.4667260099993,26596.235864483682
问题2_固定价,2025-08-03,86994.91090598889,86994.91090598889,0.0,0.0,734.6348433333333,20459.762619999998,54622.948216912584,0.0,3082.999024803334,57705.94724171592
问题2_固定价,2025-08-04,88245.02456773662,88245.02456773662,0.0,0.0,293.0156066666664,18768.65558,55823.05784640218,0.0,890.4062961683319,56713.46414257052
问题2_固定价,2025-08-05,91319.98158666666,91319.98158666666,0.0,0.0,198.73816666666653,21964.74335333333,57830.458132210995,0.0,592.1946527399998,58422.652784950995
问题2_固定价,2025-08-06,89586.67455781893,89586.67455781893,0.0,0.0,409.761603333333,17507.74789,56614.385783662256,0.0,1360.4241306749996,57974.80991433725
问题2_固定价,2025-08-07,87117.02917769547,87117.02917769547,0.0,0.0,317.7970233333333,19785.299933333332,54886.20782339549,0.0,1010.6977053583329,55896.90552875382
问题2_固定价,2025-08-08,42982.31667000004,42982.31667000004,0.0,0.0,131.22389666666663,24298.369316666667,25361.51460662068,0.0,607.8442213116662,25969.35882793235
问题2_固定价,2025-08-09,42943.00253333337,42943.00253333337,0.0,0.0,241.6524466666669,21222.72598,25344.654606325348,0.0,985.2832192166676,26329.937825542016
问题2_固定价,2025-08-10,87449.21036397242,87449.21036397242,0.0,0.0,162.68668999999977,17873.871,55040.875369289635,0.0,441.6234236966657,55482.4987929863
问题2_固定价,2025-08-11,87931.79673161522,87931.79673161522,0.0,0.0,319.66650666666703,19340.627129999997,55585.06602259512,0.0,1275.831530818333,56860.89755341345
问题2_固定价,2025-08-12,89828.5736174074,89828.5736174074,0.0,0.0,181.41743000000008,17880.121693333334,56706.373867716255,0.0,709.6458387299999,57416.019706446255
问题2_固定价,2025-08-13,86509.4985564609,86509.4985564609,0.0,0.0,286.1553500000002,16427.927579999996,54298.54017410916,0.0,1037.720665483334,55336.2608395925
问题2_固定价,2025-08-14,85694.78722373332,85694.78722373332,0.0,0.0,251.1913766666661,15748.083773333332,53929.18999284036,0.0,1102.3239978449967,55031.51399068535
问题2_固定价,2025-08-15,42617.67545666671,42617.67545666671,0.0,0.0,226.02578999999986,22643.97436333333,25089.210937159347,0.0,620.8456711516665,25710.056608311013
问题2_固定价,2025-08-16,42781.859016666705,42781.859016666705,0.0,0.0,240.30691333333294,23052.88556333333,25197.69603550468,0.0,1152.7849079733323,26350.48094347801
问题2_固定价,2025-08-17,85675.2173410111,85675.2173410111,0.0,0.0,306.4636466666668,18444.797836666665,53798.16581128016,0.0,1374.0967015116669,55172.26251279183
问题2_固定价,2025-08-18,85350.0016184362,85350.0016184362,0.0,0.0,416.880053333333,17108.895053333334,53660.4319851892,0.0,1595.1601029566657,55255.592088145866
问题2_固定价,2025-08-19,86290.1846398218,86290.1846398218,0.0,0.0,211.41045999999994,17943.026266666668,54217.60361203232,0.0,1080.0980898300008,55297.701701862316
问题2_固定价,2025-08-20,83307.80709102428,83307.80709102428,0.0,0.0,602.9935133333329,9006.261476666667,52222.44346348981,0.0,2643.8479109566647,54866.29137444648
问题2_固定价,2025-08-21,84483.44121181563,84483.44121181563,0.0,0.0,194.79736333333324,14583.722273333333,53220.28402965732,0.0,1116.741572553333,54337.025602210655
问题2_固定价,2025-08-22,42621.5085766667,42621.5085766667,0.0,0.0,626.7616766666656,18977.700853333332,25035.913908452014,0.0,2544.705050574996,27580.61895902701
问题2_固定价,2025-08-23,43021.64078333337,43021.64078333337,0.0,0.0,102.95030666666673,17554.584939999997,25377.950237035682,0.0,270.9561874166665,25648.906424452347
问题2_固定价,2025-08-24,83431.64784310164,83431.64784310164,0.0,0.0,353.82235999999966,15752.634433333333,52505.54090084293,0.0,1646.741806794998,54152.282707637925
问题2_固定价,2025-08-25,84119.17586204773,84119.17586204773,0.0,0.0,490.07228000000043,9691.754033333333,52846.31413835011,0.0,1827.789513853335,54674.10365220345
问题2_固定价,2025-08-26,83878.67297712427,83878.67297712427,0.0,0.0,133.4437200000001,14282.762190000001,52615.88394304151,0.0,591.8350549716673,53207.71899801317
问题2_固定价,2025-08-27,82590.22075781893,82590.22075781893,0.0,0.0,289.16766666666615,10712.40248,51830.87858360865,0.0,1305.2366897633312,53136.11527337199
问题2_固定价,2025-08-28,83322.14914228929,83322.14914228929,0.0,0.0,1284.8948066666653,9529.606493333333,52505.36123893043,0.0,4853.859698699994,57359.22093763042
问题2_固定价,2025-08-29,42919.87348333337,42919.87348333337,0.0,0.0,792.1711833333331,18116.824316666665,25273.313234603014,0.0,3419.3785975499986,28692.69183215301
问题2_固定价,2025-08-30,43112.43803666671,43112.43803666671,0.0,0.0,229.126253333333,21788.844456666666,25447.27543510335,0.0,1039.6149330183316,26486.89036812168
问题2_固定价,2025-08-31,80524.50142707818,80524.50142707818,0.0,0.0,424.3061799999997,10149.143376666665,50742.05475231038,0.0,1851.9214665483316,52593.97621885871
问题2_固定价,2025-09-01,82488.41851670781,82488.41851670781,0.0,0.0,0.0,24769.88816,51928.07972022702,0.0,0.0,51928.07972022702
问题2_固定价,2025-09-02,81656.79896876543,81656.79896876543,0.0,0.0,125.08865666666713,23610.732773333337,51309.339862896304,0.0,523.7639693133355,51833.103832209636
问题2_固定价,2025-09-03,82245.81415382716,82245.81415382716,0.0,0.0,0.0,22449.77705333333,51671.50959891057,0.0,0.0,51671.50959891057
问题2_固定价,2025-09-04,81940.07226942386,81940.07226942386,0.0,0.0,8.2337766666667,23761.519236666667,51588.697005578004,0.0,36.05570802333348,51624.75271360134
问题2_固定价,2025-09-05,42738.93144666671,42738.93144666671,0.0,0.0,126.55303333333336,33001.222813333334,25114.35473069235,0.0,565.5255507916668,25679.880281484016
问题2_固定价,2025-09-06,42687.37489000004,42687.37489000004,0.0,0.0,173.259453333333,32099.550643333336,25209.847528938015,0.0,691.8586993549985,25901.706228293013
问题2_固定价,2025-09-07,78545.48230485596,78545.48230485596,0.0,0.0,16.09629000000018,19521.009583333333,49615.772237013785,0.0,93.88191053500105,49709.65414754879
问题2_固定价,2025-09-08,81617.57107744855,81617.57107744855,0.0,0.0,78.13198000000045,18173.744113333334,51451.54429714277,0.0,363.11397656833526,51814.6582737111
问题2_固定价,2025-09-09,80347.64131387984,80347.64131387984,0.0,0.0,85.03403666666668,23276.808223333337,50472.39704998473,0.0,365.9247906316667,50838.321840616394
问题2_固定价,2025-09-10,81643.38764773661,81643.38764773661,0.0,0.0,533.9434066666671,16627.582953333334,51491.024307870895,0.0,2319.374815403335,53810.39912327423
问题2_固定价,2025-09-11,81491.67953720165,81491.67953720165,0.0,0.0,65.5431666666667,23814.389143333334,51418.66374148678,0.0,352.6677037033336,51771.33144519012
问题2_固定价,2025-09-12,42626.643223333376,42626.643223333376,0.0,0.0,277.9630766666664,28312.950100000002,25148.117502527013,0.0,1086.547418648332,26234.664921175347
问题2_固定价,2025-09-13,42322.32990666671,42322.32990666671,0.0,0.0,426.41005666666683,31701.638479999998,25039.290538183013,0.0,1792.585215698334,26831.875753881348
问题2_固定价,2025-09-14,78176.25706860083,78176.25706860083,0.0,0.0,393.7499400000004,14391.546156666667,49365.172557273094,0.0,2009.4762711816684,51374.64882845477
问题2_固定价,2025-09-15,81355.52905390946,81355.52905390946,0.0,0.0,691.601986666667,22829.61158333333,51270.7920597698,0.0,2965.3309037966687,54236.12296356647
问题2_固定价,2025-09-16,78984.54820263662,78984.54820263662,0.0,0.0,345.9289433333329,15724.15756,49823.63725536035,0.0,1216.3142575099987,51039.95151287035
问题2_固定价,2025-09-17,81594.213521893,81594.213521893,0.0,0.0,288.7969933333335,17681.29992,51596.01194596151,0.0,1317.0626787316673,52913.074624693174
问题2_固定价,2025-09-18,80754.75298781892,80754.75298781892,0.0,0.0,276.81482000000017,17872.109253333332,51069.63754737195,0.0,1190.220861268334,52259.85840864029
问题2_固定价,2025-09-19,42663.29978333337,42663.29978333337,0.0,0.0,173.66526333333348,23695.612729999997,25206.568854184683,0.0,679.0158530983338,25885.584707283015
问题2_固定价,2025-09-20,42385.08278666671,42385.08278666671,0.0,0.0,715.2157500000002,24414.86480333333,25053.954079004016,0.0,2907.4562029400004,27961.410281944016
问题2_固定价,2025-09-21,78586.8268790535,78586.8268790535,0.0,0.0,417.46213999999986,16557.20096,49703.26147337897,0.0,1428.0308790966662,51131.29235247563
问题2_固定价,2025-09-22,80081.73032527119,80081.73032527119,0.0,0.0,555.0300333333325,15866.37739,50575.47389235468,0.0,2544.658252521663,53120.13214487634
问题2_固定价,2025-09-23,78309.47353320988,78309.47353320988,0.0,0.0,1027.7891366666656,13094.397729999999,49520.87849330785,0.0,4647.059700416661,54167.93819372451
问题2_固定价,2025-09-24,80855.38706329218,80855.38706329218,0.0,0.0,602.4467133333329,16169.238816666668,51208.561221865115,0.0,2563.553000346665,53772.11422221178
问题2_固定价,2025-09-25,79665.28184045268,79665.28184045268,0.0,0.0,835.19863,15983.880316666666,50551.247932487095,0.0,3470.477340008333,54021.72527249543
问题2_固定价,2025-09-26,42774.00734666671,42774.00734666671,0.0,0.0,140.14054,22179.904386666665,25311.592029084346,0.0,532.8737211716667,25844.46575025601
问题2_固定价,2025-09-27,42947.050926666714,42947.050926666714,0.0,0.0,1418.7541233333322,23524.50279999999,25468.49753550635,0.0,5249.669368706663,30718.166904213012
问题2_固定价,2025-09-28,77748.86862991769,77748.86862991769,0.0,0.0,2014.6564466666673,12165.907906666667,49323.16701876234,0.0,9513.043800568335,58836.21081933068
问题2_固定价,2025-09-29,78886.58371279835,78886.58371279835,0.0,0.0,1336.5701766666662,13240.014063333334,49937.698663984884,0.0,6263.615229788331,56201.313893773215
问题2_固定价,2025-09-30,77497.31934703703,77497.31934703703,0.0,0.0,2740.630593333333,10650.386736666667,49136.98564472278,0.0,13079.918207594998,62216.90385231777
问题2_固定价,2025-10-01,79904.95834205761,79904.95834205761,0.0,0.0,56.057533333333026,26098.01804,50708.33438162769,0.0,244.95104537166532,50953.285426999355
问题2_固定价,2025-10-02,78177.8790174897,78177.8790174897,0.0,0.0,255.47871999999984,22532.489276666667,49687.49752443554,0.0,1079.743253071666,50767.240777507206
问题2_固定价,2025-10-03,42795.27629333338,42795.27629333338,0.0,0.0,71.68620333333348,32009.80879666666,25419.652507632014,0.0,311.1170437000006,25730.769551332014
问题2_固定价,2025-10-04,43241.79566000005,43241.79566000005,0.0,0.0,369.9491466666666,27475.762373333335,25688.571526768683,0.0,1562.3019043733332,27250.873431142016
问题2_固定价,2025-10-05,78641.14228185185,78641.14228185185,0.0,0.0,309.34207666666657,20064.92439666667,49920.22279417755,0.0,1380.06572301,51300.28851718755
问题2_固定价,2025-10-06,78507.2873707819,78507.2873707819,0.0,0.0,317.57823666666627,16891.259156666663,49817.763875017714,0.0,1454.469828589998,51272.233703607715
问题2_固定价,2025-10-07,78446.62496654321,78446.62496654321,0.0,0.0,810.110246666667,17262.661700000004,49809.88152532635,0.0,4105.492467600001,53915.373992926354
问题2_固定价,2025-10-08,78468.47303987654,78468.47303987654,0.0,0.0,805.9066866666674,18610.937243333334,49858.72856782785,0.0,3325.9956711733366,53184.72423900119
问题2_固定价,2025-10-09,77035.47736481481,77035.47736481481,0.0,0.0,872.7956866666663,17987.79275,49113.57128459978,0.0,3703.6901171333334,52817.26140173311
问题2_固定价,2025-10-10,42226.48930000005,42226.48930000005,0.0,0.0,329.31677000000013,30172.195153333334,25042.111974824016,0.0,1347.8821468950005,26389.994121719017
问题2_固定价,2025-10-11,43100.59752000005,43100.59752000005,0.0,0.0,329.55427666667015,26283.838213333333,25608.71351681168,0.0,1329.4083341716746,26938.121850983356
问题2_固定价,2025-10-12,77441.74436213991,77441.74436213991,0.0,0.0,651.410186666667,15437.569536666668,49283.68457174101,0.0,2823.0167683583345,52106.701340099346
问题2_固定价,2025-10-13,74994.27366823045,74994.27366823045,0.0,0.0,411.5039366666655,14221.218276666668,47317.26313556776,0.0,1948.2116847266607,49265.474820294425
问题2_固定价,2025-10-14,75234.47847135803,75234.47847135803,0.0,0.0,1103.9661599999995,11388.58064333334,47685.3920882193,0.0,5091.833800486664,52777.22588870596
问题2_固定价,2025-10-15,74771.75354358024,74771.75354358024,0.0,0.0,1406.2984700000004,10123.051033333337,47183.8028309623,0.0,5989.555069733335,53173.35790069563
问题2_固定价,2025-10-16,73303.13936411522,73303.13936411522,0.0,0.0,2803.1564499999995,9022.510956666669,46420.41552496905,0.0,12532.659749426664,58953.07527439571
问题2_固定价,2025-10-17,39093.275310000055,39093.275310000055,0.0,0.0,806.843389999999,20855.919383333334,22670.48225350769,0.0,3537.9453093299953,26208.42756283768
问题2_固定价,2025-10-18,40061.81983000005,40061.81983000005,0.0,0.0,766.8130766666662,21712.039640000003,23365.855794284016,0.0,3037.501484061665,26403.35727834568
问题2_固定价,2025-10-19,74128.83308086419,74128.83308086419,0.0,0.0,2681.995213333332,8805.611413333336,46828.526276808705,0.0,11679.106221914992,58507.632498723695
问题2_固定价,2025-10-20,69977.61373868313,69977.61373868313,0.0,0.0,3621.8858033333345,5048.954303333332,43597.47437674286,0.0,16601.025805035006,60198.50018177786
问题2_固定价,2025-10-21,70934.58220884773,70934.58220884773,0.0,0.0,4707.758299999999,5039.0029700000005,44594.93493795383,0.0,18286.318783246665,62881.2537212005
问题2_固定价,2025-10-22,70331.60261773661,70331.60261773661,0.0,0.0,4149.003106666667,4821.860546666667,43738.2873328555,0.0,18536.796544501663,62275.08387735717
问题2_固定价,2025-10-23,68880.12217781892,68880.12217781892,0.0,0.0,3800.2588533333324,5207.502646666668,43239.55726656049,0.0,16674.229958526663,59913.78722508715
问题2_固定价,2025-10-24,35081.29691666672,35081.29691666672,0.0,0.0,2280.4501766666663,15901.696376666667,19528.42771525202,0.0,9750.206374271665,29278.634089523683
问题2_固定价,2025-10-25,35790.810860000056,35790.810860000056,0.0,0.0,1294.3372866666662,14646.715413333328,20080.832389111685,0.0,5346.839918004998,25427.672307116685
问题2_固定价,2025-10-26,70370.11409999999,70370.11409999999,0.0,0.0,2802.1300300000007,4526.642969999998,43859.967999191664,0.0,11773.944291268335,55633.91229045999
问题2_固定价,2025-10-27,69720.4771311934,69720.4771311934,0.0,0.0,3488.7146600000005,5544.703153333332,43384.79632103031,0.0,15304.874842801668,58689.67116383198
问题2_固定价,2025-10-28,71992.26649422839,71992.26649422839,0.0,0.0,3026.79554,4877.73352,45160.30850881357,0.0,12687.494088021667,57847.80259683524
问题2_固定价,2025-10-29,70448.00349045267,70448.00349045267,0.0,0.0,6545.248866666667,3575.441123333334,43760.4014474881,0.0,27381.237004225,71141.6384517131
问题2_固定价,2025-10-30,69495.92485950617,69495.92485950617,0.0,0.0,3257.434716666666,3833.3762933333337,43634.434178225405,0.0,13411.960730793331,57046.39490901874
问题2_固定价,2025-10-31,34440.48702666672,34440.48702666672,0.0,0.0,4271.92287,11768.117829999996,18981.798102200355,0.0,16795.40369162167,35777.20179382202
问题2_固定价,2025-11-01,35218.85076037037,35218.85076037037,0.0,0.0,2763.393166666666,12389.159966666666,19595.80370919087,0.0,10802.792143916664,30398.595853107534
问题2_固定价,2025-11-02,71312.1442436214,71312.1442436214,0.0,0.0,4843.236483333333,3207.8886666666667,44495.71180698512,0.0,20776.087715691665,65271.79952267678
问题2_固定价,2025-11-03,70918.76040530864,70918.76040530864,0.0,0.0,6133.052809999999,3407.4626300000004,44340.667973169366,0.0,22823.722550101662,67164.39052327102
问题2_固定价,2025-11-04,73557.0467406893,73557.0467406893,0.0,0.0,2266.7718000000023,4054.116390000002,46195.61185063977,0.0,9116.093091340008,55311.70494197978
问题2_固定价,2025-11-05,72947.5851774897,72947.5851774897,0.0,0.0,4024.8856833333343,3154.8429699999997,45506.147812545874,0.0,15842.26826305167,61348.41607559754
问题2_固定价,2025-11-06,71346.4197973251,71346.4197973251,0.0,0.0,7192.735949999999,2977.926626666666,44771.762983056564,0.0,28953.03514080166,73724.79812385823
问题2_固定价,2025-11-07,34838.80480181069,34838.80480181069,0.0,0.0,1718.5000266666666,10110.270126666668,19043.61757472666,0.0,7307.698541911665,26351.316116638325
问题2_固定价,2025-11-08,35249.78502090534,35249.78502090534,0.0,0.0,1817.6347333333322,10167.07568333333,19443.062621365836,0.0,7158.338916183329,26601.401537549165
问题2_固定价,2025-11-09,73231.97689572016,73231.97689572016,0.0,0.0,5303.211220000002,2967.8821333333344,45724.986117542074,0.0,21561.496581215004,67286.48269875707
问题2_固定价,2025-11-10,73202.57879152262,73202.57879152262,0.0,0.0,7625.985543333332,2795.649143333333,45979.47178156093,0.0,28963.983628618327,74943.45541017926
问题2_固定价,2025-11-11,74745.54098123456,74745.54098123456,0.0,0.0,4265.268663333335,3248.3239200000007,46989.884644216145,0.0,17592.783017045007,64582.667661261155
问题2_固定价,2025-11-12,74736.55907222221,74736.55907222221,0.0,0.0,3049.6756366666677,2633.3223500000013,46588.97672527599,0.0,14012.684075130004,60601.660800405996
问题2_固定价,2025-11-13,72318.99002654321,72318.99002654321,0.0,0.0,6358.776043333336,2082.6591766666675,45171.80726484852,0.0,24078.019503318345,69249.82676816687
问题2_固定价,2025-11-14,34964.805063621396,34964.805063621396,0.0,0.0,4303.982203333333,8441.71785666667,18841.46665558095,0.0,16445.137928884997,35286.604584465946
问题2_固定价,2025-11-15,35155.0610755144,35155.0610755144,0.0,0.0,3480.3143766666653,7213.515999999999,19002.66764557053,0.0,13531.695994938329,32534.36364050886
问题2_固定价,2025-11-16,74864.11853263373,74864.11853263373,0.0,0.0,6067.062583333333,2223.292293333335,46699.84676899835,0.0,24678.723971281666,71378.57074028002
问题2_固定价,2025-11-17,75848.20738423867,75848.20738423867,0.0,0.0,3908.402789999999,2829.3983700000017,47392.10448726637,0.0,16976.29683547333,64368.4013227397
问题2_固定价,2025-11-18,75564.20935769546,75564.20935769546,0.0,0.0,6023.7914,2477.4908000000005,47270.76032387968,0.0,22883.942619913334,70154.70294379302
问题2_固定价,2025-11-19,75570.25306419753,75570.25306419753,0.0,0.0,5138.419760000001,1087.6209533333333,46980.53269512782,0.0,21178.112628128336,68158.64532325616
问题2_固定价,2025-11-20,74607.96203872428,74607.96203872428,0.0,0.0,5777.107923333334,1368.6322866666662,46331.24199613869,0.0,23103.976246988335,69435.21824312703
问题2_固定价,2025-11-21,34985.30527205761,34985.30527205761,0.0,0.0,3639.9501900000005,6433.3178266666655,18586.08161934979,0.0,13387.080775385002,31973.16239473479
问题2_固定价,2025-11-22,34922.67863991769,34922.67863991769,0.0,0.0,3342.875083333333,4762.732326666667,18533.98538478606,0.0,12437.342624481664,30971.328009267723
问题2_固定价,2025-11-23,76773.89557416666,76773.89557416666,0.0,0.0,4681.876966666667,1895.8247333333331,47829.37671610641,0.0,19232.86717911333,67062.24389521974
问题2_固定价,2025-11-24,77876.6012420576,77876.6012420576,0.0,0.0,2394.264289999999,1775.6013633333332,48506.08664030287,0.0,10107.837250484996,58613.92389078787
问题2_固定价,2025-11-25,76822.85812164609,76822.85812164609,0.0,0.0,5010.833606666665,1375.850003333334,47802.92608203552,0.0,19628.00521584666,67430.93129788218
问题2_固定价,2025-11-26,77389.3518308642,77389.3518308642,0.0,0.0,5364.3183966666675,1567.85748,48178.204717982204,0.0,20628.994954233338,68807.19967221555
问题2_固定价,2025-11-27,77933.17295168723,77933.17295168723,0.0,0.0,3810.7232766666675,1572.1147433333347,48512.51826436436,0.0,15339.26693743167,63851.785201796025
问题2_固定价,2025-11-28,35582.33316160494,35582.33316160494,0.0,0.0,2372.8569166666693,3625.3483733333337,18887.611820232443,0.0,9243.258023171675,28130.869843404118
问题2_固定价,2025-11-29,35454.30228205761,35454.30228205761,0.0,0.0,6415.01425,3558.8067733333332,18765.496713704404,0.0,22605.523176181665,41371.01988988607
问题2_固定价,2025-11-30,78966.94416886666,78966.94416886666,0.0,0.0,7012.576989999999,1277.403043333334,49299.35351212176,0.0,26817.660279824995,76117.01379194675
问题2_固定价,2025-12-01,79202.14116353332,79202.14116353332,0.0,0.0,12004.253159999998,469.3611700000002,49364.488817901816,0.0,46878.32328025499,96242.8120981568
问题2_固定价,2025-12-02,79066.3410989,79066.3410989,0.0,0.0,14290.423863333332,302.90287999999987,49239.600672076616,0.0,55770.78255559832,105010.38322767495
问题2_固定价,2025-12-03,79744.710068,79744.710068,0.0,0.0,12397.436563333333,550.7686499999998,49958.034497586195,0.0,45195.05529144167,95153.08978902787
问题2_固定价,2025-12-04,80323.20066963168,80323.20066963168,0.0,0.0,11360.537609999998,428.3944600000005,50299.87337918153,0.0,43735.26723353999,94035.14061272153
问题2_固定价,2025-12-05,36209.552119465014,36209.552119465014,0.0,0.0,9823.582243950616,1256.0259633333333,19296.55382183307,0.0,37810.80930960246,57107.36313143554
问题2_固定价,2025-12-06,36239.574856213985,36239.574856213985,0.0,0.0,11691.315233333333,784.8133799999986,19191.389260439035,0.0,41649.39141392,60840.78067435903
问题2_固定价,2025-12-07,81505.52126799093,81505.52126799093,0.0,0.0,10971.05682,362.1678700000001,51272.11351547365,0.0,40638.03665557,91910.15017104364
问题2_固定价,2025-12-08,81468.52560340411,81468.52560340411,0.0,0.0,11492.861036666669,658.8734933333334,51026.584527998755,0.0,43177.76214254334,94204.34667054209
问题2_固定价,2025-12-09,82973.39344897118,82973.39344897118,0.0,0.0,9319.783560000002,424.9167233333336,52018.865019766505,0.0,37663.48835190834,89682.35337167484
问题2_固定价,2025-12-10,83108.8663666255,83108.8663666255,0.0,0.0,10417.481433333334,622.4668133333336,52243.26852480696,0.0,38246.91136040834,90490.1798852153
问题2_固定价,2025-12-11,82926.03481489711,82926.03481489711,0.0,0.0,8146.566439999999,582.2877366666665,52113.82928146558,0.0,31114.71439968833,83228.54368115391
问题2_固定价,2025-12-12,37295.21476345679,37295.21476345679,0.0,0.0,10806.54453666667,804.4762733333334,19832.925133923036,0.0,39241.08539487002,59074.01052879305
问题2_固定价,2025-12-13,38825.74610629628,38825.74610629628,0.0,0.0,9145.794593333332,568.3543033333333,20464.05261654814,0.0,36451.235027853334,56915.28764440147
问题2_固定价,2025-12-14,85373.41818,85373.41818,0.0,0.0,8411.834066666666,446.53044666666705,53941.67843555466,0.0,31521.136574754997,85462.81501030966
问题2_固定价,2025-12-15,86951.66883666666,86951.66883666666,0.0,0.0,7772.774553333332,694.8854233333338,55027.701239341324,0.0,28161.30624096833,83189.00748030965
问题2_固定价,2025-12-16,88121.7926111934,88121.7926111934,0.0,0.0,6462.060013333332,553.6671599999999,55843.94680627081,0.0,23678.66106916833,79522.60787543913
问题2_固定价,2025-12-17,88256.62931860081,88256.62931860081,0.0,0.0,5233.78565,732.3765533333333,55807.13872623181,0.0,19428.202197976665,75235.34092420847
问题2_固定价,2025-12-18,87207.12629193414,87207.12629193414,0.0,0.0,5467.524873333332,743.5538200000008,55243.276658423136,0.0,21745.75806254666,76989.0347209698
问题2_固定价,2025-12-19,41575.68805127572,41575.68805127572,0.0,0.0,5788.144439999996,594.7911966666672,21808.75944329572,0.0,21462.665115953325,43271.42455924904
问题2_固定价,2025-12-20,44252.270913786,44252.270913786,0.0,0.0,3340.4443433333313,952.613853333334,23052.79700505103,0.0,13824.068192418326,36876.86519746936
问题2_固定价,2025-12-21,90166.75064333333,90166.75064333333,0.0,0.0,4554.1181333333325,964.7535766666668,57236.07050660666,0.0,16331.95872139333,73568.02922799998
问题2_固定价,2025-12-22,91540.04946333333,91540.04946333333,0.0,0.0,2970.5884400000014,854.8774866666661,58174.995792357324,0.0,11055.651641066675,69230.647433424
问题2_固定价,2025-12-23,92146.17663,92146.17663,0.0,0.0,1581.0720066666636,1750.8227700000004,58824.50140998999,0.0,5279.827597011657,64104.32900700165
问题2_固定价,2025-12-24,91997.93517666667,91997.93517666667,0.0,0.0,2303.4594666666667,1728.5019933333324,58328.40364464366,0.0,9643.943774015002,67972.34741865867
问题2_固定价,2025-12-25,90423.08900460905,90423.08900460905,0.0,0.0,3476.274293333333,1404.9269433333343,57613.44524341262,0.0,11349.932859533334,68963.37810294595
问题2_固定价,2025-12-26,45701.61503971193,45701.61503971193,0.0,0.0,2576.31614,1322.6191833333332,23860.473680274725,0.0,9923.007388656668,33783.481068931396
问题2_固定价,2025-12-27,46965.16908769547,46965.16908769547,0.0,0.0,1894.5525233333328,1540.71694,24357.420326832227,0.0,7179.298575324999,31536.718902157227
问题2_固定价,2025-12-28,92989.22579666665,92989.22579666665,0.0,0.0,1453.5745666666662,2915.21228,59291.338635977656,0.0,5261.161707325,64552.50034330266
问题2_固定价,2025-12-29,93671.72876999999,93671.72876999999,0.0,0.0,1056.870786666666,2486.499956666666,59669.29138293999,0.0,3405.8689188099984,63075.16030174999
问题2_固定价,2025-12-30,93687.93579333332,93687.93579333332,0.0,0.0,519.7340299999994,3264.9338899999993,59907.331227368995,0.0,1858.0042139816624,61765.33544135065
问题2_固定价,2025-12-31,93396.73645333333,93396.73645333333,0.0,0.0,1954.7626133333326,1986.742799999999,59419.14498295399,0.0,7817.669302339996,67236.814285294
问题3_固定价,2025-01-01,78144.93599102228,91008.67845215979,12863.742461137508,0.0,7679.338976863837,1907.591222207856,48113.5096635349,15404.391979710705,27454.682522090887,90972.58416533649
问题3_固定价,2025-01-02,98813.28890679011,97397.56680364259,861.6912269938325,2277.4133301413503,2060.421738107438,1783.7414167717184,63517.5186966125,88.29353012961775,7414.634338898663,71020.44656564077
问题3_固定价,2025-01-03,96117.00270977365,69472.73805442134,0.0,26644.26465535232,3094.2248136958583,22778.884700334012,61652.263123188415,-11110.465433073237,15987.442491916978,66529.24018203215
问题3_固定价,2025-01-04,92794.88484999999,68985.59699346582,0.0,23809.28785653417,3854.190239770797,23741.56588845119,59227.96342613472,-9932.440836970654,19213.326894153022,68508.84948331708
问题3_固定价,2025-01-05,71824.92102465706,85346.2677434041,13521.346718747038,0.0,12321.419670108102,2067.794977847207,42463.35167794368,17360.986283020313,48220.653233639736,108044.99119460373
问题3_固定价,2025-01-06,93714.94415,95156.83679665117,1647.6603842438212,205.76773759263494,1731.1848228325089,1504.7582502563132,59829.8954522436,2092.5143089608387,5879.870462184093,67802.28022338853
问题3_固定价,2025-01-07,92206.87997746913,97625.40265909726,5418.52268162814,0.0,1593.613180759043,1794.784622668108,58594.39390314416,6076.882526919889,5565.323698613117,70236.60012867716
问题3_固定价,2025-01-08,100256.77448333333,93955.42572765169,82.00673226522986,6383.355487946876,1852.9589790218242,1564.3233956992608,64444.06802144472,-2079.4929328310845,6168.963193256909,68533.53828187054
问题3_固定价,2025-01-09,93626.00512129629,94754.27679816747,1495.5003156181922,367.2286387470026,2409.4459152117724,1297.9864924481951,59648.462460191935,1703.094889697654,8079.77624593032,69431.33359581992
问题3_固定价,2025-01-10,99705.33541886145,68032.97587873053,0.0,31672.359540130925,3562.6652628841593,21839.832110687665,64351.99013107355,-12986.169976630154,18137.05602834269,69502.87618278609
问题3_固定价,2025-01-11,93137.77426358024,66752.51388690431,0.0,26385.260376675924,4419.347443280778,22080.8647521325,59409.804955085274,-10780.516692551171,21502.91534528554,70132.20360781964
问题3_固定价,2025-01-12,94792.13248916322,96614.02518731821,3070.935670042304,1249.0429718873115,1778.5570965792474,2869.854562736579,60376.706260071405,3585.4522204096916,5708.284984170129,69670.44346465122
问题3_固定价,2025-01-13,95005.94070795609,94062.7635944566,196.49476669475303,1139.6718801942534,1756.0895851179953,2889.554364490623,60747.43650881662,-216.76884055777083,6179.841630118931,66710.50929837779
问题3_固定价,2025-01-14,93420.11871666666,93410.91708873518,351.82847946628124,361.0301073977682,2026.180748007712,1451.9206232574454,59592.48866865583,365.0158027337955,6612.866527466683,66570.3709988563
问题3_固定价,2025-01-15,90220.10732016666,94599.23594800955,4379.128627842895,0.0,1663.4989181046653,1404.7282116268686,57144.33207707132,4983.27841298396,6449.264605405808,68576.87509546109
问题3_固定价,2025-01-16,89879.84241666667,92338.06932270355,2497.3116449555127,39.084738918622065,2429.9342914474105,1093.9305946808222,56916.85016525416,2944.376461910716,9277.243119629942,69138.46974679483
问题3_固定价,2025-01-17,92566.32252489711,66781.60951838606,0.0,25784.713006511054,4151.7948471482,24059.09382857472,58814.49105663286,-10581.441449642529,21307.632935649985,69540.68254264032
问题3_固定价,2025-01-18,95612.43856515773,66469.47931227372,0.0,29142.959252884022,4196.167580179371,23218.30271447082,60930.575031582615,-11776.35185917807,20169.05745201267,69323.28062441722
问题3_固定价,2025-01-19,88877.29597150206,93372.21220548068,4510.835278062193,15.91904408356038,1528.7464414835715,1383.8764687385803,56151.82449656287,4963.450032914611,5791.284857935303,66906.55938741278
问题3_固定价,2025-01-20,89391.6586903292,91617.37828231789,2287.097747428686,61.378155440004775,2047.6758768469163,860.0565386813817,56679.94690829592,2464.653937366145,7554.936947159757,66699.53779282182
问题3_固定价,2025-01-21,89819.00520082303,89015.27302804691,296.2571256993888,1099.9892984755174,1284.9963096445392,2176.215683202503,56754.9451151387,25.572757868211703,4417.931852862449,61198.44972586936
问题3_固定价,2025-01-22,94889.88652448558,94535.69279748958,497.98282507574197,852.1765520717504,1326.3278182222175,2250.077795880996,60373.75801893466,365.84610509708966,5180.0311829929615,65919.63530702471
问题3_固定价,2025-01-23,91904.93683333333,94473.42379752091,2656.1960518318547,87.70908764426281,1540.8250749294357,1701.8393839863063,58168.78897273083,3321.679341858592,5259.078433136043,66749.54674772546
问题3_固定价,2025-01-24,42830.58999804527,43783.83486190878,1441.3345444387842,488.08968057527136,1741.4877636558665,1669.7580699382906,22333.752435131377,809.9483713888903,6845.78372624888,29989.484532769147
问题3_固定价,2025-01-25,42200.80461388888,44177.280340706544,2573.006221864788,596.5304950471284,1089.1825823981094,2851.141107905695,21981.191412781664,1718.538293381432,4761.114844923076,28460.84455108617
问题3_固定价,2025-01-26,98024.41295980795,94337.39157656296,86.20810014140307,3773.229483386392,924.6667286475522,2847.8840084478015,62386.89769625125,-1130.337261325396,3217.4679770632847,64474.028411989144
问题3_固定价,2025-01-27,87346.98437541151,89147.28253766835,1947.8206604500556,147.52249819322037,1581.185316456495,2004.8977957477698,54938.19594660616,1925.2764118105158,5973.998676708444,62837.47103512512
问题3_固定价,2025-01-28,93251.96245823044,91664.69256469171,226.01648628558456,1813.286379824323,1641.1073787729044,1612.1777293527985,58619.68790382675,-179.1908288380041,6190.32480188371,64630.821876872455
问题3_固定价,2025-01-29,86196.74904643346,86852.48535424589,1495.7368695209314,840.0005617084995,1475.0329050323357,2437.6238774954945,53577.593965400476,1399.6918711825977,6066.302054415845,61043.58789099892
问题3_固定价,2025-01-30,86757.00848405348,89891.50514484679,3339.996366542507,205.49970574921093,917.0179710002192,2471.2871975620033,54575.917634368074,3492.4422324659117,3972.1206101784787,62040.48047701246
问题3_固定价,2025-01-31,41842.900572839506,43885.32724090746,2089.0919345268603,46.66526645890042,1293.3793014231617,2481.1380529138523,21521.384394518118,1488.9249899506597,5160.577207452249,28170.886591921026
问题3_固定价,2025-02-01,43391.58145768176,41718.3675605134,0.0,1673.2138971683598,1005.3722766706574,4649.646530590271,22844.71477526713,-703.9988810625883,4417.112475551825,26557.828369756364
问题3_固定价,2025-02-02,89506.9854574417,85442.3230596703,0.0,4064.662397771387,668.8738780053309,3305.619496107242,56239.039665895885,-1520.864773185034,3111.8833661153503,57830.058258826204
问题3_固定价,2025-02-03,91918.772925,85783.41209020211,0.0,6135.360834797888,1504.495169956924,2605.0508105161634,57782.93958551333,-2225.100014467724,6038.293549579704,61596.13312062531
问题3_固定价,2025-02-04,94212.77949554184,88224.69552938188,0.0,5988.08396615995,1283.4857593919128,3641.706893319777,59811.07020338677,-2378.3572826224718,5281.3246231341245,62714.03754389843
问题3_固定价,2025-02-05,89289.64594814813,88333.83034352124,872.6544453132758,1828.47004994016,576.3876333428586,3587.3070472959103,56250.10578681694,-36.81510380210074,2776.965426504991,58990.256109519825
问题3_固定价,2025-02-06,95229.89956707817,87153.66602626348,0.0,8076.233540814694,932.9065018213523,3294.0731128996986,60396.73363337031,-3065.6439491411747,4083.2198945505056,61414.30957877964
问题3_固定价,2025-02-07,44774.64676618656,40709.57940048054,0.0,4065.067365706015,725.7511491885452,5929.649064702747,23251.0403964393,-1274.3398875112546,3755.624174187753,25732.3246831158
问题3_固定价,2025-02-08,38559.95565648148,38363.55254508196,0.0,196.40311139951922,992.7457777202801,4173.397245787498,19837.070785684627,-67.15720566429124,4691.672064519302,24461.58564453964
问题3_固定价,2025-02-09,90381.00501851851,87750.5266189438,116.26462995067666,2746.7430295253857,668.2742590702823,4406.9213596674435,56951.585860993604,-1024.0288924114484,3406.353655333263,59333.91062391542
问题3_固定价,2025-02-10,86012.99313333332,80822.89965191328,0.0,5190.093481420047,958.8647822338733,2899.5623836385257,53715.30799574666,-2025.5259788960689,4298.667035724692,55988.449052575284
问题3_固定价,2025-02-11,87018.03861862139,80224.96829396854,0.0,6793.070324652839,1465.4996658018258,2086.966051374757,54680.217171344346,-2758.5686679778632,6956.029852657022,58877.678356023505
问题3_固定价,2025-02-12,87234.74164166665,80517.55510445905,0.0,6717.186537207599,1390.4423193566502,2234.2940283137286,54712.57828390277,-2591.048415706081,6550.949676939501,58672.479545136186
问题3_固定价,2025-02-13,82398.34417499999,77832.51640431306,0.0,4565.827770686932,832.0354142281567,3014.3886938684445,50927.241121126106,-1617.336497902985,4122.72619955148,53432.630822774605
问题3_固定价,2025-02-14,38385.207572290805,38487.107269764594,274.66240149593835,172.76270402215079,820.2131597387033,6074.265206632635,19570.896350961233,294.67140752607565,3859.8909513513618,23725.458709838673
问题3_固定价,2025-02-15,39159.17062366255,38028.841730168744,0.0,1130.3288934938082,1220.8610012033455,6554.002272815413,20290.404527314877,-451.3129611694725,5473.434650853323,25312.526216998725
问题3_固定价,2025-02-16,87774.861775,79572.77830914514,0.0,8202.08346585485,2012.3219775307525,1846.5119674543698,54874.825222493324,-3130.291065458076,8510.187750838919,60254.72190787417
问题3_固定价,2025-02-17,87693.68281666665,76465.47990191598,0.0,11228.20291475067,1597.746791479493,2651.232915984794,54255.263153887216,-3885.9045964277566,6993.909421224992,57363.26797868445
问题3_固定价,2025-02-18,78483.73675565844,78996.3404027775,568.8054165429583,56.20176942389162,1255.1858824945657,3854.7554603505623,48449.972135134696,483.6892498462042,5386.684314116981,54320.34569909788
问题3_固定价,2025-02-19,79212.12103108333,77767.24787592127,397.185612317696,1842.0587674797498,1661.7867512049856,2099.966223013097,48960.43210302005,-409.6956353778023,7308.983079232447,55859.7195468747
问题3_固定价,2025-02-20,82564.75589999999,77414.49320789136,0.0,5150.262692108641,1017.6453560018817,3175.112940448737,50795.90836066888,-1809.8089757835696,4671.643615484382,53657.74300036969
问题3_固定价,2025-02-21,36345.72871604938,35954.156253887566,0.0,391.572462161816,980.9874122646547,7929.675582365277,18402.688130325925,-168.9600863374222,4406.654984386077,22640.383028374577
问题3_固定价,2025-02-22,36350.303081790116,35821.68058994774,0.0,528.6224918423743,1041.2028782652735,5714.143838808748,18698.645928491387,-211.5107453766332,4974.09201090722,23461.227194021973
问题3_固定价,2025-02-23,80937.93538472016,76552.89582531004,0.0,4385.039559410117,1779.2872847826047,2501.305352177295,49724.93504680194,-1595.9235194089322,7121.619460321141,55250.63098771415
问题3_固定价,2025-02-24,77643.50720277778,75476.00317825112,0.0,2167.5040245266496,1123.6314044713333,4316.849670654214,48112.63745534167,-887.3085415747983,5388.988248066115,52614.31716183298
问题3_固定价,2025-02-25,80034.84269733333,71349.18543896617,0.0,8685.657258367148,1532.5444135297034,2975.027297857765,49150.44401222398,-3013.1189523564867,6564.918703001627,52702.243762869126
问题3_固定价,2025-02-26,73596.24300720164,74130.30851126522,859.4681886807834,325.4026846172145,1305.9129266872,2482.561560009108,44751.193947378364,662.439080135518,6004.450012343001,51418.08303985688
问题3_固定价,2025-02-27,75153.49094794238,72845.01463750127,0.006006446743356264,2308.482316887855,1193.1052728818381,2903.220772344251,46091.21399772041,-783.5507448843455,5897.767931341869,51205.43118417794
问题3_固定价,2025-02-28,34945.089182716045,34239.62372210085,0.0,705.4654606152023,986.4744161516035,8647.789762698245,17873.64968718574,-312.9112137077671,4574.342387468834,22135.080860946808
问题3_固定价,2025-03-01,39173.33567647462,37487.69364888968,0.0,1685.642027584939,876.0347247204398,11541.000877256674,19894.840239294677,-606.6761128422887,4342.306321615148,23630.47044806754
问题3_固定价,2025-03-02,83380.72546258572,79794.21994184062,0.0,3586.5055207450964,1427.4199513107635,4355.500331962335,51472.787243162704,-1405.9186630095712,6459.881768735025,56526.750348888156
问题3_固定价,2025-03-03,85815.54521666665,77357.72710305071,178.81128852787128,8636.629402143815,1917.111738093053,2832.263257656062,53054.209476464435,-2715.297015415989,8553.08910104786,58892.00156209631
问题3_固定价,2025-03-04,76413.86927290808,74891.27384930743,0.0,1522.5954236006542,2015.4519110556878,3435.91404843707,46834.12309604766,-703.1936564054993,8652.542508808325,54783.47194845049
问题3_固定价,2025-03-05,80271.65367232509,71627.59908068934,0.0,8644.054591635753,2085.7836375326683,3402.3174748787774,49171.11052263508,-3128.095499947595,9197.413887765688,55240.42891045317
问题3_固定价,2025-03-06,75739.2459656111,72401.03258530577,0.0,3338.213380305339,1264.7917905750865,3493.103831474941,46123.03360439611,-1237.740876823781,5528.281535671357,50413.57426324368
问题3_固定价,2025-03-07,35299.6954164952,33389.645677857225,0.0,1910.04973863797,2125.740769556382,11535.985217226551,18268.98032292532,-798.7217346489805,8556.473543754923,26026.73213203126
问题3_固定价,2025-03-08,33478.41122921811,33079.842867548396,0.0,398.5683616697096,608.6770143204608,11562.191860036346,17024.60950709892,-175.29312621235923,2732.9338990320884,19582.250279918648
问题3_固定价,2025-03-09,78567.74005733881,69084.00752742795,0.0,9483.732529910863,1308.4488453662057,2852.5413065100374,47768.461192139366,-3102.3900819428018,5786.385973574862,50452.45708377143
问题3_固定价,2025-03-10,75606.78862088888,73343.08857079079,0.0,2263.7000500980866,1975.7587076658199,3075.081354263623,45569.99792182416,-803.247506063188,7567.245107521595,52333.99552328257
问题3_固定价,2025-03-11,66653.74220017146,70053.59876701327,3504.3646911459628,104.50812430414805,1530.8517299527198,3543.8906383666595,40499.43951821177,2716.922430327008,6979.570099518416,50195.9320480572
问题3_固定价,2025-03-12,76476.41774372976,67624.93164801836,0.0,8851.486095711398,1459.734171767338,2509.7810098900145,46545.13538967789,-2989.273350791495,6268.170610351047,49824.032649237444
问题3_固定价,2025-03-13,76636.5388743827,73457.41664353418,0.0,3179.122230848529,1355.8468748222385,3256.3242136688846,46494.43505639481,-1179.1216533459717,6370.515312828171,51685.82871587701
问题3_固定价,2025-03-14,32547.86612290809,32584.29985993941,94.92355919130375,58.489822159987966,1058.4219604800674,14645.767538165926,16342.728400207443,82.93806805651695,4712.073287499106,21137.73975576307
问题3_固定价,2025-03-15,31858.29644746228,31993.366203642116,149.26654810040685,14.19679192056725,1067.5866920636688,9167.302362252029,15918.51083980969,221.4790115567166,4899.05006667569,21039.039918042097
问题3_固定价,2025-03-16,72457.79773333333,69037.77455661213,0.0,3420.0231767211917,1384.2512252638842,3044.500954426764,44019.853076604435,-1248.842191151417,5559.800291951904,48330.811177404925
问题3_固定价,2025-03-17,68303.3716326965,62234.28280967414,277.78315508595495,6346.871978108306,2033.6894169896564,2371.14085776667,40423.00626910612,-1171.6540200571271,8699.064599407362,47950.416848456356
问题3_固定价,2025-03-18,76874.96110823045,67406.86065040588,0.0,9468.100457824552,1070.965994087704,3277.536529492654,46775.66348972279,-3242.7695458986086,4954.130912277964,48487.02485610214
问题3_固定价,2025-03-19,63352.246609465015,65237.124257927084,1914.2414497632665,29.363801301194712,1465.4127103537633,3172.0430984748987,38481.44313802191,1466.893174472332,5795.44817446039,45743.78448695463
问题3_固定价,2025-03-20,71780.23866666666,65488.71321003764,0.0,6291.525456629016,2761.196559941768,1944.666451266862,43444.38612489499,-2087.5858399148433,11247.731935071557,52604.532220051704
问题3_固定价,2025-03-21,30791.82582500001,30183.730972491045,0.0,608.0948525089668,1413.07147237708,16602.59738996876,15485.850881905004,-271.20861062840606,6865.801022434705,22080.443293711305
问题3_固定价,2025-03-22,31376.19806666668,30706.088377557153,0.0,670.1096891095266,1324.3814364850896,13242.325808373489,15963.120405732503,-304.8823777576296,5042.425066529334,20700.66309450421
问题3_固定价,2025-03-23,72340.86546762689,65538.73506986204,90.11974776593809,6892.250145530788,1013.880475347275,3723.5597987746796,43811.78760238472,-2343.2259044806706,4668.839771254878,46137.401469158925
问题3_固定价,2025-03-24,68355.52722129629,63761.89181752502,230.72302121523745,4824.358424986506,1331.7792194440026,2924.163950686594,40843.23160033722,-1064.644189253308,5075.240554893913,44853.82796597782
问题3_固定价,2025-03-25,75649.96667006172,65418.98171507349,146.84319694147564,10377.828151929707,1530.5121076416585,1927.2217858077033,45733.98281078364,-3181.0186420969108,6439.120902384151,48992.08507107088
问题3_固定价,2025-03-26,65334.27009262688,61724.257572959796,489.6739363260833,4099.686455993172,1050.8319780272532,3118.640342196348,39300.14976740708,-729.7552114628761,4151.316130978769,42721.71068692297
问题3_固定价,2025-03-27,69145.98370051439,63039.15007323983,0.0,6106.833627274571,1896.5066643349523,2139.58998280941,41744.322454499896,-2092.2944701745896,7963.192103456942,47615.22008778225
问题3_固定价,2025-03-28,30705.385045336072,30025.467876542276,0.0,679.9171687937986,1205.0680164405765,17559.82105918646,15299.4249576919,-308.3502859788835,5659.2593271734795,20650.333998886494
问题3_固定价,2025-03-29,29035.332719444457,29233.403708493912,198.0709890494552,0.0,996.3752609603828,19577.667434781637,14338.760032671395,264.75594774459427,4675.361535093323,19278.87751550931
问题3_固定价,2025-03-30,67221.4133355967,58772.52125242505,0.0,8448.892083171651,2284.7035994728785,1651.4855100192403,39920.53502380049,-2492.085939119905,9933.81259567238,47362.26168035297
问题3_固定价,2025-03-31,58308.51482956275,61335.79409241965,3050.636590099855,23.35732724295417,1660.0947095343931,1964.106476704721,35012.328551300416,2173.8370045082843,7072.633412953278,44258.79896876198
问题3_固定价,2025-04-01,71149.55663600823,65543.01450829546,49.75445467006398,5656.296582382837,1337.3445987719383,2683.4573942946663,41927.66607282821,-1666.6616374892353,5864.9848132355355,46125.98924857451
问题3_固定价,2025-04-02,67536.36235349794,66105.22141536503,0.0,1431.140938132914,1341.894901866749,3030.885324610202,40271.85921429184,-418.02248381163326,6315.82690273391,46169.66363321411
问题3_固定价,2025-04-03,68551.41838285323,61465.0725312024,48.38352675050794,7134.729378401328,1151.895225982599,2660.524876068781,41488.961265029444,-2354.4570760494717,4631.232600052836,43765.73678903281
问题3_固定价,2025-04-04,28324.85557777779,28127.797909709407,0.0,197.05766806838486,716.8264485832415,19420.3025164754,13944.129901377784,-95.42673547553939,3329.339943168152,17178.043109070397
问题3_固定价,2025-04-05,27612.404625000014,27658.36483571351,135.56917643251643,89.6089657190198,2983.8836482906268,15560.429611359104,13579.783135313895,117.37286794384971,12807.53533553963,26504.691338797373
问题3_固定价,2025-04-06,64260.04281358024,59888.68428661014,716.0265322911135,5087.385059261212,1083.0453637384946,2484.6618028175367,37581.62193731213,-470.2328977797751,4805.75421595485,41917.1432554872
问题3_固定价,2025-04-07,56347.081327527776,56970.23441596943,1012.7037622921588,389.550673850503,1650.676452654299,1539.6459543191668,33242.623657159245,953.6406678458399,7375.535435804457,41571.79976080954
问题3_固定价,2025-04-08,65206.35406625514,58874.501222880994,156.14920534170028,6488.002048715838,1753.5444311217461,2220.9689685282146,38886.731031623945,-1743.340613680564,7840.606763827953,44983.99718177133
问题3_固定价,2025-04-09,63683.91988580247,64148.63865658549,939.8737430028111,475.1549722197859,1343.7493730633905,2249.6467684659387,37718.34534756963,571.0968928177844,5620.574664832602,43910.016905220014
问题3_固定价,2025-04-10,61720.86173899176,59439.51092439748,468.79178223546506,2750.1425968297476,1798.0783569105674,2865.8951633380825,37149.382681420124,-695.5674309989676,8167.365123404558,44621.180373825715
问题3_固定价,2025-04-11,26394.512258333347,26837.761503323298,506.2238151089295,62.974570118978875,1723.9872164058609,20205.09855306248,12771.416033905005,583.0738326378829,7219.69462302319,20574.184489566076
问题3_固定价,2025-04-12,27628.81863333335,26994.130622848934,0.0,634.6880104844142,1163.0096680945844,16127.618519554122,13778.852640187506,-288.9183569439586,4854.776187094978,18344.710470338527
问题3_固定价,2025-04-13,58787.942114197525,58135.0123093442,508.41232158851943,1161.3421264418412,1738.2495971845144,1657.6448162596917,34705.46132723583,184.2008630414258,7376.27833158154,42265.94052185879
问题3_固定价,2025-04-14,62141.44234711934,54621.041896514726,43.382033187894876,7563.782483792506,3052.1554407831127,1274.2690133878127,37127.07118663126,-2514.439798695994,12339.846998864994,46952.47838680026
问题3_固定价,2025-04-15,53587.52986076817,54359.64429952329,946.1549281314485,174.0404893763307,1791.881303815424,2227.4111731557514,31625.96071949909,1110.622584772137,7894.558589956952,40631.141894228174
问题3_固定价,2025-04-16,60324.15406882716,58826.48415614347,797.4346588282908,2295.104571511977,2067.3828692809575,1354.928088818716,35031.68338850343,403.5781690700017,8611.282898731966,44046.54445630539
问题3_固定价,2025-04-17,53703.69840826475,56477.36298210773,2844.520300616356,70.85572677337774,1958.7067733482886,1809.475965299059,32512.402198534888,2179.140696608788,9103.397889180938,43794.940784324615
问题3_固定价,2025-04-18,26252.194125000016,25895.528650263273,174.6011111202899,531.2665858570335,2124.9750863741046,18626.386553304026,12696.741311701673,-18.538035358376035,9426.134029717776,22104.337306061072
问题3_固定价,2025-04-19,26070.32960833335,26090.955739937337,440.85178598524624,420.2256543812594,1322.8085107899037,17603.961483736726,12372.132733895563,444.2245792693356,5619.6134176003025,18435.970730765202
问题3_固定价,2025-04-20,55075.16245672153,56241.837042700674,1695.6152433493994,528.9406573702604,1718.5449086552803,2022.5201551819978,32739.141169905095,1207.0847137720914,6966.357737801118,40912.583621478305
问题3_固定价,2025-04-21,58236.82199098079,53929.29695293447,0.0,4307.5250380463185,2045.3203026728745,3981.4259056691762,34284.328798525334,-1277.5603123557835,8527.880477707244,41534.648963876796
问题3_固定价,2025-04-22,52946.76926666666,55411.745769117224,2652.0076321081897,187.03112965763313,2385.294482607253,1856.7087111962096,31181.683034704165,2255.438618221793,9940.584297467987,43377.705950393945
问题3_固定价,2025-04-23,50741.16998484225,55927.222652538294,5324.030028506944,137.97736081090193,1548.5413098239221,2373.578085853304,30180.340089809182,4464.381392347281,5789.71181473595,40434.43329689241
问题3_固定价,2025-04-24,51799.451464951984,54415.65304542114,2745.8751541449747,129.67357367582179,1643.3898189860056,5402.35213641633,30852.759569603044,2362.9126846582526,6738.433740749073,39954.105995010366
问题3_固定价,2025-04-25,25545.30096111113,25380.554262684367,399.3733606545439,564.1200590813079,1057.696370951965,21397.7009227714,12400.083490148063,197.24059530292612,4301.25099687422,16898.57508232521
问题3_固定价,2025-04-26,25425.889700000014,25356.73996017883,337.06702030827057,406.2167601294554,1409.9153483116488,23656.461675157127,12262.201719986115,273.20275955405987,6062.407068622372,18597.811548162546
问题3_固定价,2025-04-27,50481.59320548696,53608.25250596349,3126.6593004765286,0.0,1925.9819765076518,3386.9212269841832,30200.585998574606,2984.362179270845,7962.618497006695,41147.56667485215
问题3_固定价,2025-04-28,60740.15715524691,61128.33505469816,2379.251769266737,1991.0738698154823,1385.6958824336994,2125.0683799103917,35400.88467241762,1241.2927107514033,6107.792697125021,42749.97008029404
问题3_固定价,2025-04-29,50843.294654492456,51594.4852227246,1224.7634192237247,473.5728509915751,1405.2039428603282,2083.276471087719,30397.395780585895,1291.4641480042662,6375.846880665382,38064.70680925554
问题3_固定价,2025-04-30,49022.380472839504,49479.7133726304,681.4610248728973,224.1281250819983,3212.4831077043314,1172.742784344829,29740.951018828146,653.3804130750395,12715.253503254176,43109.58493515736
问题3_固定价,2025-05-01,51179.03771210562,54706.010409825554,3526.972697719933,0.0,3758.2863208258045,3853.364772834826,30919.342281279278,3636.4013277104305,16357.579991184775,50913.32360017448
问题3_固定价,2025-05-02,26494.204613888905,27218.72213937684,884.55673687731,160.03921138937525,2701.794361558998,12590.196417602485,13037.948852634729,989.313138427844,11759.563311892442,25786.825302955014
问题3_固定价,2025-05-03,25772.87778333335,26683.1913671842,910.3135838508507,0.0,2429.828605500837,17224.589073283983,12309.81035185584,1106.4602864003953,11346.365944940346,24762.63658319658
问题3_固定价,2025-05-04,54827.567836042515,53342.10494133952,1003.4189813857358,2488.881876088732,5075.3594660756335,3336.40331883522,32347.229398442112,684.3611120968576,20001.251178140406,53032.84168867938
问题3_固定价,2025-05-05,56251.9906,56996.59778074877,880.7530576233858,136.145876874612,3449.3046756532913,1451.7672874338732,33644.32500366333,1188.9641983425781,14817.332671300685,49650.62187330659
问题3_固定价,2025-05-06,49215.35638292181,53724.404983528155,4509.048600606347,0.0,3901.757026402015,1305.5749696980379,29452.269888517963,5094.502918299727,15996.934269250913,50543.707076068604
问题3_固定价,2025-05-07,52081.97238549382,57007.58110557641,4925.608720082589,0.0,3152.4922423596354,1444.9208914489748,31449.028260529813,4672.678836696595,13895.595507676404,50017.30260490281
问题3_固定价,2025-05-08,57374.24058477366,57214.30751129198,1295.823996320359,1455.7570698020309,3625.5765941071804,1486.6084891213259,33134.36311323651,1389.2103050068238,16323.096482226118,50846.66990046945
问题3_固定价,2025-05-09,24924.319598666683,26603.801401992805,1679.4818033261217,0.0,2696.822643212518,17761.238195205307,11733.172642304107,2172.8235278119273,12199.31442462079,26105.310594736824
问题3_固定价,2025-05-10,25112.438788888907,26111.896845340187,999.4580564512785,0.0,3119.62450642339,14075.97981668077,11836.09436080334,1268.6292013956158,13721.678716569922,26826.402278768877
问题3_固定价,2025-05-11,55051.10714135803,55934.78846608696,2056.426014591648,1172.744689862711,3881.154124752533,797.1473457924801,31816.902465795836,2434.6386415410134,16889.3989937962,51140.94010113305
问题3_固定价,2025-05-12,47335.51419691358,54000.36032080534,6664.846123891755,0.0,2679.051544191218,1547.93069802662,28253.923260822503,6377.831030753352,11757.634236173395,46389.38852774925
问题3_固定价,2025-05-13,57305.230128292176,54976.412074185275,2247.1184454053814,4575.936499512288,3142.553002604,1534.3390323312494,32774.53976179997,2019.368993385455,14497.573188136885,49291.48194332231
问题3_固定价,2025-05-14,54617.21896025377,55403.17604809277,2187.269321623217,1401.312233784218,3011.1818621508787,1800.8713977314028,32427.39569810763,1610.2208114552868,13644.01979635341,47681.63630591633
问题3_固定价,2025-05-15,53227.539155555554,54990.63674240019,2793.3227980637716,1030.2252112191384,2769.683589540345,1401.0558201092563,32519.34989062657,2095.3399125336077,11744.698724243346,46359.38852740353
问题3_固定价,2025-05-16,24744.242566666686,25352.56098442145,1024.5058989319823,416.1874811772213,2716.7637606972103,22311.88042875217,11928.473535356674,1048.4447872769406,11603.188193857504,24580.10651649112
问题3_固定价,2025-05-17,24514.66432500002,25599.520154430516,1133.660949662628,48.80512023213049,3088.937952928615,15199.659024025781,11641.429374931675,1403.2493802888953,13960.176188615256,27004.854943835824
问题3_固定价,2025-05-18,58238.345669650196,56405.20022356411,465.6701826838795,2298.8156287699658,3139.954434948726,2255.2250297863593,33628.782986664315,34.93697004363527,12702.799548272265,46366.51950498021
问题3_固定价,2025-05-19,51660.55031203703,52579.309578179455,1275.3309300313113,356.5716638888889,2289.1943912240285,3899.8431200903083,30167.111721761386,1648.5639661798598,11227.894387477145,43043.57007541839
问题3_固定价,2025-05-20,51249.48069303841,55703.06600547634,4512.10409722166,58.51878478372066,3481.837681122159,1158.0733682972214,30276.7526722917,3608.101495556818,16061.710383563033,49946.56455141155
问题3_固定价,2025-05-21,47769.280810048,53678.12484736864,5923.727799906034,14.883762585397562,2962.4186264378673,2095.443923835867,28893.276981318606,5643.565790553891,13362.765763030535,47899.60853490303
问题3_固定价,2025-05-22,51333.282303840875,52909.553199722526,1618.458422936992,42.18752705534234,3056.55834978927,1683.2191024792035,30947.99096953106,1207.7060877352715,13643.842823502599,45799.53988076893
问题3_固定价,2025-05-23,24453.81955833335,25544.329699500726,1090.5101411673722,0.0,1929.8828637588133,18013.26367992618,11507.053953865285,1420.0579819524269,8975.060059443786,21902.171995261495
问题3_固定价,2025-05-24,24707.003213333355,24601.80849175165,215.0425582757588,320.23727985746365,2506.508590442346,20317.63868444756,11831.026745574576,125.8718242372691,11886.642884463407,23843.54145427525
问题3_固定价,2025-05-25,52094.591076646095,52887.92545786197,1270.8707303201013,477.5363491042202,2696.9404877551315,3633.3557444242224,30449.377689914596,1619.751184685726,12366.0223309358,44435.15120553612
问题3_固定价,2025-05-26,50037.39565133744,58681.32145368315,8714.502107181881,70.57630483617407,2354.8317156651674,2999.471249233863,29987.80147474509,7603.812469112878,10793.764302434354,48385.37824629232
问题3_固定价,2025-05-27,47627.578687037036,51507.475389036255,3998.6087186886803,118.71201668945889,3345.497158481441,2352.2049420580984,28896.6406822338,3239.732074758604,15763.981426576827,47900.35418356923
问题3_固定价,2025-05-28,55025.34401255555,56095.75386578155,1131.4227289071441,61.01287568114117,2059.2931548125384,2219.50129057974,32064.416721698097,1508.1248375270256,8869.458941871744,42442.00050109687
问题3_固定价,2025-05-29,54183.64317222222,58839.93202834793,5020.749480540183,364.4606244144727,2320.1590922429336,3124.010909366547,31944.160171783333,4317.031037216984,10315.758883397904,46576.95009239822
问题3_固定价,2025-05-30,25241.817786111133,26005.393123199206,763.5753370880751,0.0,2056.561717950019,18425.721574482537,12299.535977013618,976.6955019844078,8255.741559851316,21531.973038849344
问题3_固定价,2025-05-31,27037.58722500002,25898.51639906449,0.0,1139.0708259355317,2205.880315593673,16734.05837712898,13481.774152233618,-529.0484285984182,9934.483521879529,22887.20924551473
问题3_固定价,2025-06-01,69834.79799166667,69627.3786065136,2953.7351484133733,3161.154533566442,7543.8957037520695,1858.945025865677,41205.32413756722,3016.322094931003,29335.45221635403,73557.09844885225
问题3_固定价,2025-06-02,71434.02669670952,65810.4316555406,2839.8684014132737,8463.463442582204,7585.03411724717,571.6076821283099,42535.46062382325,1733.6426367109477,28125.01757279353,72394.12083332773
问题3_固定价,2025-06-03,64802.66404235253,68748.30874284565,4374.588340730518,428.94364023739297,6285.930312105046,2700.881551700158,38171.67039746489,5874.610268484145,23158.207126321857,67204.4877922709
问题3_固定价,2025-06-04,75474.89797836076,68788.37369552228,2280.45449592519,8966.97877876367,6340.000369368986,1280.7279454325785,45288.23436414935,415.7143471463942,22571.055865585437,68275.00457688118
问题3_固定价,2025-06-05,64820.70734331276,69807.79290624679,5529.741019327303,542.6554563932723,7151.02849428203,1653.7233690921935,37798.44018795197,7240.488292773205,25634.688158832596,70673.61663955777
问题3_固定价,2025-06-06,28669.10898888891,32046.431982935424,3377.322994046515,0.0,7520.798859270839,5711.827588216632,14953.076892821675,4657.006447933802,27566.522203710956,47176.60554446643
问题3_固定价,2025-06-07,29757.35101622085,34060.45888023833,4303.107864017478,0.0,5814.114996389553,6228.444295774244,14737.115787043365,5452.420815928546,21098.18808723537,41287.72469020728
问题3_固定价,2025-06-08,62863.66013858024,64109.810072780434,4310.189343170434,3064.039408970244,6148.842977528348,1399.809658926927,36890.47907062741,5126.8299263544595,21765.576437742104,63782.88543472397
问题3_固定价,2025-06-09,71648.0713797109,70405.42368665482,2495.3318397583334,3737.9795328144187,6057.004741691429,1336.422382519912,43103.507801105276,2438.764244926338,22490.312243272427,68032.58428930404
问题3_固定价,2025-06-10,65598.02464677641,70912.90526773245,5567.153809080074,252.27318812402268,6303.228330480619,1306.0910049992463,38956.71494296894,6578.051075156614,21615.4353380787,67150.20135620426
问题3_固定价,2025-06-11,71392.69365283333,76336.13774242885,5020.313116342663,76.86902674714202,5479.882683742128,1291.965232048294,43405.862355526064,6541.568956913427,20177.049478572793,70124.48079101229
问题3_固定价,2025-06-12,69493.18315287243,71894.34750363915,2506.799995776706,105.63564500999001,5728.213460876088,1025.3136950095886,41800.76113296254,3740.90024751822,21638.3469840784,67180.00836455917
问题3_固定价,2025-06-13,28163.048116666687,32457.092096314947,4294.043979648258,0.0,5375.012444870303,6446.790841185228,14384.793162395563,5226.267266810745,19321.45024220953,38932.51067141584
问题3_固定价,2025-06-14,28149.097200000022,30391.563478935765,2858.282706583377,615.8164276476327,6911.53435119139,8069.7550801271345,14617.713030523619,3817.3324247796286,25404.8307898819,43839.87624518515
问题3_固定价,2025-06-15,64295.64564084361,71835.51481339036,7593.320651723646,53.45147917689383,4205.094023556443,1109.7433974985806,38688.085010583585,7701.916442708701,15568.437481528135,61958.43893482042
问题3_固定价,2025-06-16,67775.97278199588,72404.0956310231,4677.4083203697965,49.28547134257906,5946.691680565365,1356.9325476120152,40580.68035436077,5284.904528653916,22891.253070086314,68756.837953101
问题3_固定价,2025-06-17,69501.37461882715,74809.4666879167,5337.493414962818,29.401345873269292,5326.9446238695455,1172.0023148063437,42026.743449988935,5971.68410314148,19751.490562644558,67749.91811577497
问题3_固定价,2025-06-18,70116.61627750342,72651.6414773325,3820.5181416517553,1285.4929418226807,4589.593012336807,2210.5068639453193,42019.462081519974,4320.899786888807,16948.182617083934,63288.54448549271
问题3_固定价,2025-06-19,65936.04281666667,68707.43949708717,5609.134729448098,2837.738049027595,4941.8473143855235,1219.0901782008389,39297.002184475554,5826.84935582908,18346.396995521653,63470.248535826286
问题3_固定价,2025-06-20,28687.75575833336,29822.401463051636,1510.6603445446447,376.0146398263645,4442.774627074882,8828.127682385,15096.948799025009,1974.3281450743962,16514.441681138647,33585.718625238056
问题3_固定价,2025-06-21,28697.184833333355,30228.32495884308,1531.140125509727,0.0,3416.7778795411377,11285.293940646648,14894.559480803618,2157.8023300703358,12012.514627693594,29064.87643856755
问题3_固定价,2025-06-22,64613.47760973937,66471.88342599655,3688.9337018678157,1830.527885610634,5260.541428242773,596.859500521804,38325.83399681465,4277.087389970282,20042.657937751937,62645.57932453686
问题3_固定价,2025-06-23,65784.31469907406,68145.63662535774,2393.535831891585,32.213905607916786,4835.217718492668,1798.7764116070382,39764.95426950561,2896.0119502740026,19252.756822400777,61913.72304218038
问题3_固定价,2025-06-24,77271.56405867626,77224.25830959293,2012.3055553976858,2059.6113044810204,4479.460110460546,985.4460273819577,47349.84152517999,2005.9845643858719,15795.053529998031,65150.87961956389
问题3_固定价,2025-06-25,68196.55057596022,71844.42557614241,3660.5458786544214,12.67087847222217,4286.8229256415525,1720.77955633376,40528.72699188763,4528.3575815575305,17508.854508165507,62565.93908161067
问题3_固定价,2025-06-26,64982.10035833333,68944.80882411975,3962.7084657864275,0.0,4441.787165426053,1898.7297888718654,39642.02350819444,3773.9784830194003,16557.770902706165,59973.77289392001
问题3_固定价,2025-06-27,30521.199933333355,30133.999390709454,848.3079145023702,1235.5084571262707,4578.790861014785,12044.761438289675,16209.69581475612,673.2383258346289,18211.478076772954,35094.4122173637
问题3_固定价,2025-06-28,29622.54879166669,30931.614037871106,1459.854113598447,150.78886739403083,2865.865198413618,8980.553119618033,15804.25883800723,1883.3243567256561,9638.514308284837,27326.097503017725
问题3_固定价,2025-06-29,65716.392925,71078.41094155399,5396.26433397884,34.24631742485167,3566.0961274935935,1366.3844888263013,39521.96056846916,5718.420745640273,12731.033773491534,57971.41508760097
问题3_固定价,2025-06-30,71553.46074452468,72082.50231219915,686.264516795954,157.2229491214855,3672.366807252948,1717.5767240212133,43434.30506426919,956.5699849736081,13780.724179539946,58171.59922878275
问题3_固定价,2025-07-01,61754.82625411522,74058.21563920876,12303.38938509355,0.0,10461.506978071195,1526.5748273511892,37265.92085964997,13891.327069205554,33715.85627633035,84873.10420518587
问题3_固定价,2025-07-02,57602.49224255829,66509.07309624631,8906.580853688012,0.0,10904.087445346178,733.9799755842126,35819.69582917303,9518.48465546084,36929.81777587342,82267.99826050729
问题3_固定价,2025-07-03,66265.26025946501,75617.20925066879,9351.94899120378,0.0,10320.240110932435,1972.6781356312904,40253.354431733576,10907.107814859179,33954.94732203307,85115.40956862582
问题3_固定价,2025-07-04,28870.87560000002,33260.9933167086,4390.11771670858,0.0,10117.524114455326,11457.649964497241,15090.842574541395,6278.877475423743,34202.35756651135,55572.07761647649
问题3_固定价,2025-07-05,29850.463041666688,34935.98845641366,5085.525414746972,0.0,10353.258983165751,13459.167472912723,15668.335516038618,7262.404571514396,34773.950886895334,57704.69097444835
问题3_固定价,2025-07-06,61612.33912726337,77873.80229396423,16261.46316670085,0.0,7541.622721343865,1413.878985369809,38458.78121124409,16869.200772328215,24378.502979958528,79706.48496353083
问题3_固定价,2025-07-07,62266.07054554183,68543.23386478274,6277.163319240912,0.0,9300.451224320266,698.9327229185992,38681.21808225764,7125.7369765911435,30478.989001340447,76285.94406018923
问题3_固定价,2025-07-08,66895.15490620713,71884.86615634967,6214.362419055077,1224.6511689125357,8669.052303201937,857.9119352729982,40973.17233741624,7849.696766619296,29218.33269490972,78041.20179894526
问题3_固定价,2025-07-09,67091.26405771603,71509.75493892819,4465.397940998373,46.907059786217246,7892.478814976845,1319.051224160841,40815.180079796475,6140.0642022068405,26225.02947192283,73180.27375392614
问题3_固定价,2025-07-10,59792.03790751028,68404.4145697698,8612.37666225951,0.0,9187.850154594462,909.7124487477122,37598.190290330254,9892.993705105933,29058.6506945834,76549.83469001959
问题3_固定价,2025-07-11,32033.047708333357,34779.26837679448,3131.415392110512,385.19472364938974,8699.986767104827,7920.477993899284,17674.189682174176,4220.845870475589,28724.473524786525,50619.50907743629
问题3_固定价,2025-07-12,31339.189816666687,36989.403540369945,5650.2137237032575,0.0,6798.300370956592,9663.46057799318,16835.581061495286,7128.435394691067,21489.43804902886,45453.45450521521
问题3_固定价,2025-07-13,66652.70337789369,66362.3256838495,2132.44857434763,2422.826268391813,7977.234188377876,1077.5384624293138,42195.324081685896,2145.2168032651816,27942.47677861776,72283.01766356884
问题3_固定价,2025-07-14,62282.40066772222,67953.22198275429,5724.39202106521,53.57070603314219,8290.776158447574,684.5861271324231,38334.90684225612,7303.930603831685,27990.804060876628,73629.64150696443
问题3_固定价,2025-07-15,66565.24924279835,67417.4296466089,1911.8493852829083,1059.6689814723588,9316.710125825226,420.77637168698874,41052.40010712413,2603.7044543035586,33316.2604833225,76972.36504475019
问题3_固定价,2025-07-16,63752.17737187928,69628.45927097657,5876.28189909729,0.0,7619.460377027437,1188.5784490394499,40306.56774778181,6358.156110405955,23823.19269156615,70487.91654975392
问题3_固定价,2025-07-17,61627.455998491074,69993.53268972985,8366.076691238772,0.0,7643.669349964127,804.9257121908768,38325.63201131597,9077.74858935255,25700.88418995895,73104.26479062747
问题3_固定价,2025-07-18,33296.61578333336,34854.731783282805,2605.5781447274717,1047.462144778022,8207.457232601264,8747.940915884044,18752.82236413084,3277.26837586662,28115.51222015911,50145.602960156575
问题3_固定价,2025-07-19,34106.53038333335,36158.81195104134,3003.1446380118377,950.8630703038523,6526.745203170353,12462.738104211672,19383.806228616675,3915.9079432353524,21277.385735977306,44577.09990782933
问题3_固定价,2025-07-20,67929.21933209876,71338.39700129915,4316.946116332713,907.7684471323233,5983.969537122763,1354.0196605970782,41423.04955051308,5234.916688250643,20101.912507249144,66759.87874601287
问题3_固定价,2025-07-21,68507.1871425926,72511.1860766894,4181.092074827906,177.09314073109488,6701.6172947558625,1192.93811656951,42528.850227640985,5107.005140874711,21778.74165362586,69414.59702214156
问题3_固定价,2025-07-22,65751.66783641426,74439.98620223359,8688.318365819327,0.0,5843.1582585420765,2388.2980474145083,41175.43976803789,7900.811872228202,19037.78881861152,68114.04045887761
问题3_固定价,2025-07-23,76726.27192822359,72266.88023144442,1807.6078856929632,6266.999582472128,6963.635764885001,1021.7848801520408,47466.87525365929,988.1063338807082,24796.43815065235,73251.41973819234
问题3_固定价,2025-07-24,75676.23713038408,73485.16362275263,1556.9654795487577,3748.0389871802045,5142.785022167503,1079.6301287507868,47377.03970291024,1154.8419066821707,16171.753146758905,64703.63475635132
问题3_固定价,2025-07-25,33795.519611111136,35400.35792986801,1728.4168734053687,123.57855464848922,5708.648760036364,11563.687123237689,19134.836809303342,2310.373947534413,19569.197797968165,41014.40855480592
问题3_固定价,2025-07-26,33924.84461666669,36999.61519079363,3074.7705741269356,0.0,4988.414352669868,10478.937976796804,18779.963955820287,3948.9003116471117,16786.978160702765,39515.84242817017
问题3_固定价,2025-07-27,68914.613225,72898.49521696327,4350.819608442797,366.93761647952294,6246.297434171515,1331.8324819745055,42315.777833771666,5119.3331002373725,21440.26301739797,68875.373951407
问题3_固定价,2025-07-28,71734.56139022634,77204.5535152033,5469.9921249769595,0.0,6034.136722621659,1050.1369250856483,44144.856929858695,6251.994461213988,20539.082141310926,70935.93353238361
问题3_固定价,2025-07-29,71666.43251371742,79870.08315019269,8233.615716041955,29.9650795666804,3298.752381861251,2917.846090748267,44882.73639860545,7316.391393290376,11691.21072103193,63890.33851292775
问题3_固定价,2025-07-30,65172.97535181756,77632.16809651404,12459.192744696491,0.0,2892.5600377456344,2292.498369928341,41109.85502308841,11549.671561377967,10083.0913967487,62742.61798121507
问题3_固定价,2025-07-31,69335.44902685184,77471.51997035545,8136.070943503604,0.0,3421.0097668510316,1927.6412620611025,43212.778266727495,7881.596853581291,11973.717627530308,63068.092747839095
问题3_固定价,2025-08-01,36697.239766666695,37467.66579819863,1547.8791689981774,777.4531374662397,3319.167600909764,16495.473732441704,21202.58178354612,1759.6922107446846,11115.41722815984,34077.691222450645
问题3_固定价,2025-08-02,37620.37408333336,37623.74848733991,631.3853664077842,628.0109624012359,3879.236636083195,17534.248125023987,21799.005333746118,569.0205621322461,15145.725755457202,37513.751651335566
问题3_固定价,2025-08-03,60580.20217215363,62288.79933920089,1725.3217693960212,16.72460234876644,5204.219064827253,1244.5019263189465,38844.64111183919,2213.878743852151,20017.40649233354,61075.926348024885
问题3_固定价,2025-08-04,64139.46350013717,66822.21935238247,3086.381796684474,403.625944439181,3912.369013587147,1784.9336585964975,41453.268233877694,3120.544666424418,14693.071648036173,59266.88454833828
问题3_固定价,2025-08-05,66156.6812180727,68870.42271344045,2832.3041548369974,118.56265946924134,2437.3981511169286,2367.9241346298804,42444.10888740049,1992.123222184973,9791.79745055968,54228.02956014514
问题3_固定价,2025-08-06,73800.48047441701,71403.46834990755,0.0,2397.0121245094588,2967.2306983898034,2465.226595587784,47830.055729738175,-1075.310685376718,12226.507950961197,58981.252995322655
问题3_固定价,2025-08-07,75429.79754074074,67976.18172679636,863.5389235158715,8317.154737460241,2994.085915093214,3996.7835534894994,46706.128705845025,-990.5941649551485,11864.542098433818,57580.0766393237
问题3_固定价,2025-08-08,38781.70769166669,38696.32163475331,79.329393384816,164.71545029819538,1539.1021652459171,21418.07310671046,22258.554292576955,6.0664278595241115,6764.32336132755,29028.944081764028
问题3_固定价,2025-08-09,38940.345227777805,38860.93299271579,80.2164452146515,159.62868027666212,1535.6629644219474,18433.738518788003,22652.03072275279,-1.0153474498934045,5930.951002003989,28581.966377306882
问题3_固定价,2025-08-10,69055.31200500685,67554.57355296671,87.10836031550139,1587.8468123556322,2877.305291222554,1527.8519636012284,44335.70444237591,-512.607129566302,10697.190379662314,54520.28769247192
问题3_固定价,2025-08-11,67663.62696093964,68931.00194550556,1731.57266097881,464.1976764128791,2421.35434115121,2960.159473961856,42483.26977232791,1619.5706225751258,9697.627278985974,53800.46767388901
问题3_固定价,2025-08-12,75619.01878203017,72871.60683587803,704.3329888298089,3451.7449349819517,1561.6503568514565,3084.30655505994,47306.380303842394,-5.219845443993676,6535.128478249316,53836.28893664772
问题3_固定价,2025-08-13,68092.98653902605,71121.71052482583,3170.649506650101,141.92552085032764,1850.467972657609,3144.840049631807,42906.53100027467,2597.8409031419524,7963.363692950032,53467.735596366656
问题3_固定价,2025-08-14,69535.59723484225,71843.90749116553,2557.139768735619,248.82951241233536,1754.5615198358773,3688.795471472253,44653.356165794765,1725.4635298423914,7499.229589676434,53878.049285313595
问题3_固定价,2025-08-15,40579.93458333336,39240.10888791591,300.624881989137,1640.4505774065892,1692.7991207685423,20733.181125351093,23862.580779357788,-447.26947298410323,6585.190714936201,30000.502021309883
问题3_固定价,2025-08-16,41956.53368333336,38807.98102204354,334.6183906657553,3483.1710519555704,1708.9520544496986,20547.65270982655,25319.087566777787,-1174.625577738594,7758.454508004072,31902.916497043265
问题3_固定价,2025-08-17,73019.57159290122,68228.03268926268,355.72857544129465,5147.267479079849,2122.2361639768583,3554.668672299516,45549.38987526632,-770.91093658458,9199.559124455971,53978.03806313771
问题3_固定价,2025-08-18,70559.18713166768,69726.40014301635,701.7297326517704,1534.516721303111,1938.3871789037362,3356.66801840114,45019.81290428852,-80.77180088435719,8044.82478104123,52983.86588444539
问题3_固定价,2025-08-19,70659.4749462277,69742.52502167551,56.37885721194755,973.3287817641448,1878.3946324748508,3666.2547958767523,45057.40243326525,-466.84646857373195,9234.614245835552,53825.17021052707
问题3_固定价,2025-08-20,79622.73388271604,74930.50561246597,583.2788894032982,5275.507159653368,2175.4955738022445,2358.110073001114,49362.07753338457,-829.4215647095787,9401.93066311084,57934.58663178582
问题3_固定价,2025-08-21,75320.97190445817,70642.97152955114,0.0,4678.000374907031,1771.3821625189062,2854.3533776573327,47161.81661092082,-1443.551548872616,8097.768555631448,53816.03361767965
问题3_固定价,2025-08-22,40882.29347222224,39838.51788840159,250.70937805668325,1294.4849618773328,1827.3041061187544,17395.252594520327,24073.80161139084,-307.8129792317893,7795.235202158184,31561.223834317236
问题3_固定价,2025-08-23,40017.22062500002,40108.87876726183,656.7900955962505,565.131953334442,1294.7463572453105,15870.428810299281,23101.15857209334,620.4147832111466,5592.468580697189,29314.041936001675
问题3_固定价,2025-08-24,70366.6622702332,69943.07188598705,277.87108188999105,701.4614661361331,1822.4944320814411,4072.220861349497,45404.19372372306,-135.80889662488102,8098.639135404614,53367.0239625028
问题3_固定价,2025-08-25,92682.80911779834,75827.51103692898,0.0,16855.29808086938,1677.1395366926477,2783.4460472058045,58560.9095300812,-5562.418918598882,7487.475407608695,60485.966019091014
问题3_固定价,2025-08-26,72462.9890335048,71862.63066046391,676.2398215314022,1276.598194572286,1303.9908207042638,3688.5415902031405,46899.56604968985,-193.26859324992583,5750.636785302202,52456.93424174213
问题3_固定价,2025-08-27,73900.90669279835,75514.66582781708,3196.2349522225372,1582.4758172038075,933.5665473536068,4632.669066354104,47238.513597821075,2109.7962281181817,5003.315237894907,54351.625063834166
问题3_固定价,2025-08-28,72800.913456893,76098.78607950495,4072.7797535697623,774.907130957805,2258.602661156601,3671.834708766861,45674.403960946634,3709.0009082924657,9972.662590212512,59356.06745945161
问题3_固定价,2025-08-29,43418.32472222224,41562.2359529461,0.0,1856.088769276143,932.1656545511289,16910.180437439165,25778.56366617056,-895.693344581737,4611.6466455139,29494.516967102725
问题3_固定价,2025-08-30,42580.90760977368,41070.68693749153,0.0,1510.2206722821516,802.8852531543555,20324.66636521262,25289.9567332134,-661.5491626201476,3392.787843393197,28021.19541398645
问题3_固定价,2025-08-31,71993.03594403292,72138.69638159491,940.9773577014682,795.3169201394804,2195.4952111257335,3827.1752244551903,46357.93302487691,224.95620760521783,9146.80917731274,55729.69840979487
问题3_固定价,2025-09-01,82239.58970535081,67932.12716127223,0.0,14307.462544078586,456.95148349242936,11301.968127187592,51294.78703033847,-4845.362580921592,2647.3123959724303,49096.736845389314
问题3_固定价,2025-09-02,72551.7350292181,67693.23085142559,610.0323213808333,5468.536499173349,560.9391891955684,10399.669436467688,45733.96380140389,-1769.2213917154374,3257.719511541349,47222.4619212298
问题3_固定价,2025-09-03,77338.25735432097,67695.46403788024,0.0,9642.79331644073,757.5923424129772,9438.438914263219,48849.53895540722,-3354.117555453684,3901.5400575844005,49396.96145753793
问题3_固定价,2025-09-04,75062.32729208162,67291.92801514645,0.0,7770.399276935177,1193.7583510372758,10896.78307953873,48318.232107205105,-3189.1688912502027,5466.767919419315,50595.83113537422
问题3_固定价,2025-09-05,42053.319000000025,36724.61447249296,0.0,5328.7045275070595,625.0088630042462,27565.69670727259,25033.299584560842,-2637.5411316250897,3426.089301223885,25821.847754159637
问题3_固定价,2025-09-06,42070.86354166669,37650.6101284396,0.0,4420.253413227092,478.46876729754194,27434.827273934352,24940.840300351952,-2194.2017931466444,2654.7143923776925,25401.352899583
问题3_固定价,2025-09-07,71909.50427695266,68841.52065650134,2579.1999379989325,5647.183558450264,618.6955601609222,10629.650003026265,46009.2845174368,-613.1105726759178,3150.045523846155,48546.219468607036
问题3_固定价,2025-09-08,80135.12721334018,73287.8695838586,543.6640785682712,7390.9217080498565,413.5881613326645,10389.066482667922,50301.11062346304,-2028.140289206321,2209.421117179202,50482.39145143592
问题3_固定价,2025-09-09,69003.3325046982,66680.96544316095,873.9168115560327,3196.2838730932917,719.3093834054459,10516.262205881401,44449.91817998324,-597.1534413383954,3688.4015308806875,47541.16626952553
问题3_固定价,2025-09-10,81705.7483202037,73075.03500753418,13.785666700991271,8644.498979370504,1316.3871320768612,8970.93060238097,51357.64385537341,-3196.3106653430655,6207.33093562467,54368.664125655014
问题3_固定价,2025-09-11,80741.4756260288,66678.5514911972,0.0,14062.924134831597,1006.2240595295037,10445.089812640863,51354.94209735801,-4931.839897968452,5246.630782258351,51669.73298164791
问题3_固定价,2025-09-12,42459.22421666669,38627.844122090464,0.0,3831.380094576224,400.44226453863354,24553.51193266324,25174.90415844362,-1929.723197907881,2040.35806962449,25285.539030160227
问题3_固定价,2025-09-13,42267.523141666694,38743.477318817764,0.0,3524.0458228489324,171.6529669528913,27928.457552899366,25056.892005804733,-1773.3917578819935,948.4249141153995,24231.925162038136
问题3_固定价,2025-09-14,85100.75703096707,74421.2682876569,0.0,10679.488743310174,317.0943113072334,10478.82176021627,54407.37803929908,-4300.391722212729,1473.6722415981835,51580.65855868453
问题3_固定价,2025-09-15,70282.75576172839,66367.33843654665,0.0,3915.417325181738,1586.3304061711372,8874.707802618945,45345.88655521769,-2035.3151581838936,7901.5728430521085,51212.1442400859
问题3_固定价,2025-09-16,84131.8357,73117.13155697724,0.0,11014.704143022756,185.98409510285387,9745.267501842896,52971.75233600055,-3984.4272741353884,961.877591798517,49949.202653663684
问题3_固定价,2025-09-17,79795.28400912207,71605.56161579202,0.0,8189.722393330066,975.097981309981,8499.705502747385,51164.48227078924,-3466.167454239078,4092.6583244099957,51790.97314096016
问题3_固定价,2025-09-18,71641.75757098765,72958.2619476192,4488.361653975838,3171.857277344278,691.1899929792875,10567.26305734082,46208.50632870463,1648.2702574246102,3229.980194901041,51086.75678103028
问题3_固定价,2025-09-19,42414.1290277778,38507.159791287646,0.0,3906.9692364901575,297.9157775906498,19723.269784739525,25350.127101911676,-1927.9297530534245,1454.9387993745283,24877.136148232777
问题3_固定价,2025-09-20,42707.95988611114,38691.957871289866,0.0,4016.0020148212684,627.3618505965001,20726.75512091636,25528.48740183334,-1960.3823798687456,2779.278112535291,26347.383134499883
问题3_固定价,2025-09-21,79134.32824074074,72484.03850921785,0.0,6650.28973152289,338.23621478236305,10738.98933354835,50231.710669768516,-2641.5476674742767,1682.5864806109957,49272.74948290523
问题3_固定价,2025-09-22,82632.27656937586,70658.02364684772,0.0,11974.252922528121,1492.4399116438838,7489.764252913296,52711.90898748315,-4420.718651251171,6178.369123994143,54469.55946022612
问题3_固定价,2025-09-23,80255.89720864197,74145.55911914035,0.0,6110.338089501616,646.6919757467667,8476.937426253904,50977.78571060216,-2438.0662598315967,2935.0173803062944,51474.73683107686
问题3_固定价,2025-09-24,70384.31387417695,72081.76621222716,4542.621880294129,2845.16954224392,1118.273809386456,8121.643812155167,45482.802687580675,2074.8228786860327,4913.434495131081,52471.06006139779
问题3_固定价,2025-09-25,76590.45708045267,73886.34188178564,1378.9594551513903,4083.074653818413,742.9369197194167,10232.46436114057,48897.025914318205,-704.4028449502717,3503.63241698331,51696.25548635125
问题3_固定价,2025-09-26,42885.57078333336,37527.367604804305,0.0,5358.20317852905,287.92284518926357,17168.164475706595,25678.241782482786,-2519.8921471787066,1252.167483725744,24410.517119029824
问题3_固定价,2025-09-27,41575.38982500003,39078.42331871774,27.736087974314955,2524.702594256604,482.07180439219485,18754.29465564369,24632.062031287787,-1216.9983920926766,1944.6951029895322,25359.758742184644
问题3_固定价,2025-09-28,76738.37518652262,76702.09142849223,2566.670971442759,2602.954729473153,282.83579733650305,9399.414410616553,48900.89271902772,843.0175524078963,1216.3260633150844,50960.2363347507
问题3_固定价,2025-09-29,76382.79235010287,68923.47988013829,0.0,7459.312469964589,2323.8412296702872,4387.946945733688,48412.54172307151,-2780.8956740782282,9916.802075143312,55548.448124136594
问题3_固定价,2025-09-30,74583.25986577503,74262.11450563853,1554.6446006897957,1875.7899608263008,1127.7974344542858,5650.4272129924975,47667.54530630595,539.2021640353219,5208.639268825725,53415.386739167
问题3_固定价,2025-10-01,70908.5868632716,63613.97540515272,0.0,7294.611458118879,330.1318740714281,10323.662159665355,44687.06802326503,-2559.2135804873355,1266.7697739114308,43394.624216689124
问题3_固定价,2025-10-02,77674.57557320781,63923.09490046945,0.0,13751.48067273836,406.2060037480958,8536.330253423916,49242.00790111992,-4876.934789581222,1817.0164465551022,46182.0895580938
问题3_固定价,2025-10-03,37058.29098611114,34308.06824061211,78.98820334374784,2829.210948842774,447.14977621968796,23938.09605550546,21168.634408005844,-1294.8387439081441,2011.1202817152239,21884.915945812925
问题3_固定价,2025-10-04,39060.32750000003,35076.078310107536,0.0,3984.2491898924977,856.5639402009426,19920.772453479032,22613.060509050843,-1933.3079344103392,3740.636043182401,24420.388617822908
问题3_固定价,2025-10-05,76704.5753924897,65476.919899971355,0.0,11227.65549251835,602.7172034826597,7248.461578464011,48188.452799420425,-3810.3262160535983,2298.545944157985,46676.67252752482
问题3_固定价,2025-10-06,63060.17387160494,64104.483372855415,2649.0285818578923,1604.719080607412,1167.0177184745583,3477.3060218219075,39838.796697438425,1191.0647071654166,4424.762237153128,45454.62364175697
问题3_固定价,2025-10-07,66472.13534427297,66648.80087638379,2064.070841406885,1887.4053092960717,305.87621331162495,5097.371930700593,41480.42300241433,1265.296154855349,1265.4482419118012,44011.16739918148
问题3_固定价,2025-10-08,64136.720474999995,63186.36016814414,576.3967568507837,1526.7570637066367,1211.683427994065,3869.419721053786,40196.60451851777,-333.04490998612124,5072.3206412016225,44935.88024973327
问题3_固定价,2025-10-09,73923.14981769546,61901.670606567284,0.0,12021.479211128182,1376.21937380202,3458.960437447917,46318.14593842118,-3862.3691305575894,5919.95630434996,48375.73311221355
问题3_固定价,2025-10-10,35305.70756666669,33460.47866946289,0.0,1845.2288972038011,887.1010807748212,22059.95880215539,19765.754330105563,-858.0005897693745,3779.2047921475228,22686.958532483713
问题3_固定价,2025-10-11,35572.92832222225,33469.30870498214,0.0,2103.61961724011,544.5445441759341,16947.600984848596,19905.11457333362,-1019.5569803715753,2200.371258500745,21085.92885146279
问题3_固定价,2025-10-12,67490.0925096022,64542.56170834841,55.01492481026412,3002.5457260640446,1440.4775105214985,3693.4882958635003,41966.402960966334,-1075.1949944910007,6490.401077721384,47381.60904419672
问题3_固定价,2025-10-13,68764.35020185185,62595.74366593654,807.3331044246573,6975.93964033996,1657.4071585020915,3172.4221911053064,42697.40634524166,-1322.234454073793,6341.869478291928,47717.041369459796
问题3_固定价,2025-10-14,72055.25309845679,66332.4637779079,741.0346820387183,6463.8240025875975,2064.5733093183303,3542.4768345155453,45087.868467580585,-1282.8872274573328,7407.040582336153,51212.02182245941
问题3_固定价,2025-10-15,74306.16072692043,67043.37815713955,1.1221613837525979,7263.904731164631,1819.5566933529108,2819.0701755329133,46345.342540188474,-2557.0426517722385,6655.377467217418,50443.677355633656
问题3_固定价,2025-10-16,70236.36162860082,69568.5524763704,875.1817415892368,1542.990893819659,762.32089781835,3162.286254382733,44128.17852193483,349.8365247169189,2875.9017164028364,47353.916763054585
问题3_固定价,2025-10-17,32864.64602777781,32916.71478082189,1222.9927073001297,1170.9239542560483,521.8165862390463,14394.33205039424,17849.04513333112,861.5464761214964,2024.1105031024022,20734.70211255502
问题3_固定价,2025-10-18,35425.169616666695,32953.92771517017,97.00297551466363,2568.2448770111905,650.5501412419771,14487.884589745448,20003.180155645012,-1074.9671922741497,2380.7601630844633,21308.973126455323
问题3_固定价,2025-10-19,71934.50528662551,68418.93052142594,0.0,3515.5747651995703,1777.8818444186804,2145.462952067533,45274.012750399896,-1375.3415557191206,7311.008125137956,51209.67931981873
问题3_固定价,2025-10-20,75506.79013796296,70586.07800870197,0.0,4920.712129260987,888.2755992595709,2887.7103173258897,47734.08977683925,-2007.8253723167768,3524.372205493964,49250.63661001644
问题3_固定价,2025-10-21,74723.22104166666,73020.93538271239,735.2718130487842,2437.5574720030654,856.8190526330691,3186.0232251584093,46782.53189764139,-180.3651479862079,3277.712054890748,49879.87880454593
问题3_固定价,2025-10-22,70926.85344341563,71112.02440232907,1186.815393770349,1001.644434856908,993.3839952026113,2423.164345409874,44560.506437187374,411.28278740721413,4137.568024190805,49109.357248785396
问题3_固定价,2025-10-23,81477.60245833332,67739.54904429862,218.3067028133297,13956.360116848042,2165.635271440545,2381.2571722580565,50931.05721884833,-4161.750301298808,8194.4330320156,54963.73994956512
问题3_固定价,2025-10-24,33917.6183494513,33471.12223961024,241.8076241475752,688.3037339886416,754.1155565634821,12727.392260611303,18484.43808249628,-98.68749794370454,2717.2678158737544,21103.01840042633
问题3_固定价,2025-10-25,33987.54856879286,33044.81024638373,97.37568650426027,1040.1140089133937,947.8731278498002,11560.105064488083,18574.953036289742,-383.64294364343925,3462.02812845917,21653.338221105474
问题3_固定价,2025-10-26,75793.5647723251,68771.69173548464,254.49740182638538,7276.370438666845,2214.524868360278,2261.221074623515,47365.52393584718,-2171.002135851436,8327.160060522321,53521.68186051807
问题3_固定价,2025-10-27,68718.89639773662,70856.29208141408,3365.0928594879983,1227.697175810535,796.6814631725726,3884.8552619958887,43246.57744279117,2543.4413331420615,2898.7101210392048,48688.72889697244
问题3_固定价,2025-10-28,68762.83904393003,71205.66697588054,3188.7544281870105,745.9264962365064,1350.0195757265435,2585.146510094649,43475.405132422435,2507.52575520814,5183.204726639746,51166.13561427032
问题3_固定价,2025-10-29,76187.17256348593,75767.15259240437,906.4512200272824,1326.471191108852,619.5816440614841,2646.7365507962104,47251.74690101197,460.4630985362544,2148.2196199868085,49860.42961953503
问题3_固定价,2025-10-30,66979.96026625513,68292.8144562412,2074.907683293687,762.0534933076242,2156.7227072929654,1551.5421413651152,41897.1671374745,1705.7000739383832,8717.125269963999,52319.99248137688
问题3_固定价,2025-10-31,34773.0637872428,33338.39414632182,73.28205097257784,1507.9516918935492,1082.5740516321043,7378.525135711135,18955.254831061036,-545.5584488367298,4331.175051624015,22740.871433848322
问题3_固定价,2025-11-01,33938.06672150206,34218.141494381816,815.3221246721303,535.2473517923685,940.4669094042883,9486.182708137374,18240.13939148789,335.773828980671,3297.7433025498967,21873.656523018457
问题3_固定价,2025-11-02,73313.5375872428,74440.71160515586,2348.5478174694695,1221.3737995564093,1091.7723601610783,2325.902725659429,45892.81408636174,1700.4497233823083,4105.7811821402065,51699.04499188425
问题3_固定价,2025-11-03,78255.21686133332,74346.41169443438,0.0,3908.8051668989438,1427.1278523454869,2050.93418881545,48632.161704622515,-1347.2777999448795,5548.785516093857,52833.66942077149
问题3_固定价,2025-11-04,72369.30954218107,73187.41415116205,1190.4790053593988,372.3743963784046,1301.9532877759887,2700.1310878338163,45127.29520794228,830.8797395315523,5155.9553015291385,51114.13024900297
问题3_固定价,2025-11-05,79873.56729499313,73546.41623158225,0.0,6327.151063410881,1883.0648916682746,1549.5498606821907,49646.541186479415,-2151.7144876151647,7293.137727960238,54787.96442682449
问题3_固定价,2025-11-06,74613.3675020576,75801.7379726929,1588.7370425595245,400.36657192422336,1533.294307123195,1610.5451302266401,46215.80270970347,1508.080731588354,5859.909979787173,53583.793421079
问题3_固定价,2025-11-07,33668.696682407404,33734.20805325865,230.02022048065675,164.5088496294161,1374.9274383332863,8497.05776371742,17625.430514265,221.8390249820715,5498.768557050586,23346.038096297656
问题3_固定价,2025-11-08,33983.486491358024,34595.66645872459,983.7780829329284,371.59811556635844,1175.4154073040731,8829.727034762307,17934.48777240537,574.5986229420062,4701.136612141734,23210.223007489112
问题3_固定价,2025-11-09,77004.91314207819,76220.30326063033,253.59262994161088,1038.202511389472,1176.4763455024927,1712.344818887747,47867.921834781715,-48.68905902489988,4282.550195279698,52101.78297103651
问题3_固定价,2025-11-10,77731.9059665192,80181.78071210472,2771.1603420680253,321.2855964824955,1049.0023005070132,2882.650450407634,48513.46504872907,2611.536350005001,3802.638053315772,54927.63945204984
问题3_固定价,2025-11-11,79981.82646808332,75960.93061824204,0.0,4020.8958498412953,1273.7951322533772,1403.510124476687,50104.76553563724,-1468.4501722868836,5329.450820983912,53965.76618433427
问题3_固定价,2025-11-12,76135.34776992456,76846.19502388408,2118.484742929165,1407.637488969637,1080.8078612098352,2627.2605309967694,47219.912103723174,1788.4725880784126,4816.805493527687,53825.19018532927
问题3_固定价,2025-11-13,73880.47018271605,76368.35440536262,2569.0467971779153,81.1625745313429,1796.5562827227982,1484.2741927212778,45996.60309141315,2582.3318866704835,6618.0885519425665,55197.0235300262
问题3_固定价,2025-11-14,34105.4566,36287.373564840855,2363.0135175765768,181.09655273571855,1442.4230426704921,6874.1521167302435,18080.194108267773,1708.1863081782742,5368.650359197195,25157.030775643245
问题3_固定价,2025-11-15,35836.06703909465,34669.19352856698,0.0,1166.87351052767,1578.0634624722304,4672.986207721856,18910.625714802685,-401.4404166655509,6395.845149676056,24905.03044781319
问题3_固定价,2025-11-16,76728.7225111797,80150.7880327937,3428.310334051057,6.244812437053042,1076.6814702444376,2311.3222877055005,47682.28905133036,3953.830329457332,4142.633560864202,55778.75294165189
问题3_固定价,2025-11-17,73515.03241687242,79109.73751134629,5633.388826890287,38.68373241641552,843.1762919599,2865.816295280099,45933.569774335716,5307.995077582208,2918.960138979103,54160.52499089703
问题3_固定价,2025-11-18,77428.88776613888,78923.4930797222,1656.1121042887487,161.506790705434,1806.8773394356722,1368.367024461316,48166.44679420994,1595.2472933374302,6859.326723307772,56621.020810855145
问题3_固定价,2025-11-19,76343.35975576131,81354.62864407623,5181.096863801494,169.82797548656845,1107.2999333110886,2545.605182061166,47379.37720564667,5424.906290074149,4062.0559571557683,56866.33945287659
问题3_固定价,2025-11-20,76008.9754095,79174.62606624226,3193.4083828392827,27.757726097018292,1362.9391004570482,1247.5866174633506,47183.71746464761,3298.1147173437043,5565.346096267792,56047.1782782591
问题3_固定价,2025-11-21,34474.40039567901,34756.96464980083,319.5388914432449,36.97463732142114,1373.3796539562468,3866.560160613669,18177.90344110583,336.0932572128956,4782.025869711607,23296.022568030334
问题3_固定价,2025-11-22,36948.466615020574,36533.404841173324,86.4531485473916,501.51492239464113,1285.7102137895997,4138.092926099655,19258.752547837787,9.941896032516187,4496.699313077058,23765.39375694736
问题3_固定价,2025-11-23,76871.2315563786,80489.5949701576,3618.363413779011,0.0,959.4729956290805,1729.8651971091938,47832.22811294344,4093.9478047515104,3432.5686485899932,55358.74456628494
问题3_固定价,2025-11-24,75820.84712345678,77932.05871383095,2279.343962025695,168.13237165152896,1856.0459668588906,1148.161260906126,47267.82159308775,2073.7973266938193,7101.931448347428,56443.55036812899
问题3_固定价,2025-11-25,87052.16565017146,81139.46151520516,0.0,5912.704134966307,968.0716654371421,1531.1701936248928,55014.28691398114,-2071.333811546159,3576.530371223927,56519.483473658904
问题3_固定价,2025-11-26,81882.38540534979,82381.37669687747,1336.2939746235807,837.3026830959022,1253.882821830596,2300.6062619588497,51068.58895724991,1341.5245902290108,5093.214210176298,57503.327757655214
问题3_固定价,2025-11-27,79345.1210204777,81698.95326352971,2353.8322430519947,0.0,951.2673131670861,2363.6412112065013,49494.21449159097,2671.2645894119837,3720.386918203357,55885.865999206304
问题3_固定价,2025-11-28,35224.38907908093,35508.93259982405,284.5435207431226,0.0,1399.3908217431058,2463.350967330852,18531.279862123258,338.7513281720768,5398.413118677457,24268.44430897279
问题3_固定价,2025-11-29,43686.57205390946,39445.37041489536,0.0,4241.201639014099,1226.437361625328,2319.963572208261,22492.697211351202,-1041.994936127502,4663.790385244066,26114.492660467764
问题3_固定价,2025-11-30,82537.44755,85063.9925200567,2810.0430047340615,283.49803467735785,1197.7056094426985,1372.5543358146833,51518.05800020916,3198.540288668784,4771.688474963316,59488.28676384126
问题3_固定价,2025-12-01,86068.69189132372,87281.65325997239,1380.5233096783636,167.56194102970267,4889.520407635853,1208.971195751974,54575.61104627132,1761.4915743444674,16391.816137438545,72728.91875805434
问题3_固定价,2025-12-02,89191.92316666666,90422.73452239732,2335.4201401749997,1104.6087844443405,3918.041076638645,992.7874560681267,56329.61000852166,2899.840941661037,13018.888180910295,72248.339131093
问题3_固定价,2025-12-03,79222.75110558333,89919.28289901496,10696.531793431626,0.0,3571.9186069330563,1536.3060021679607,49630.665754843496,11559.878660263987,10503.371529427563,71693.91594453504
问题3_固定价,2025-12-04,86666.06400833333,88742.38865158081,3112.503203004632,1036.1785597571438,4355.5483780561935,1691.2028294558822,55106.07530524249,3883.0927309745234,13970.259239438174,72959.4272756552
问题3_固定价,2025-12-05,38407.700876543204,43463.635005105585,5129.273037970707,73.33890940832498,3314.8963024898303,1501.1046932954175,20018.392878230643,4446.127184995849,10013.001405847617,34477.52146907411
问题3_固定价,2025-12-06,41223.378906344304,45238.46488208784,4152.342326407141,137.2563506636032,3659.829598371592,1216.0014129646029,21452.068152016185,3747.898728490102,10723.652925246119,35923.61980575241
问题3_固定价,2025-12-07,89442.84439999999,89137.28692776426,1234.521534465331,1540.0790067010644,4720.923439444511,1454.1827035282324,56774.148272214436,1263.9644735523107,14890.835735060899,72928.94848082765
问题3_固定价,2025-12-08,89344.64530298352,92036.58263057642,2876.0779001220517,184.14057252916712,2857.2295833335384,2279.164715643185,56582.31451608342,3543.7444943473465,8278.660937714718,68404.71994814549
问题3_固定价,2025-12-09,88408.10611666666,89631.50831079546,2254.895903316513,1031.4937091877134,3602.6039819403213,1044.0088154079428,55948.76702281694,2660.652706896987,12249.09050982978,70858.5102395437
问题3_固定价,2025-12-10,84490.77436080246,90505.80137023267,6015.027009430205,0.0,3831.5057910372343,1228.2193982102149,53336.811472617774,6760.020600330022,12009.639459207632,72106.47153215542
问题3_固定价,2025-12-11,87570.19002997255,88523.50266569853,1502.2749330941742,548.9622973682015,3133.742014189381,997.8728959942196,55345.76228957895,1932.0870269880047,10098.38535614839,67376.23467271533
问题3_固定价,2025-12-12,40301.00216399177,47089.385855113,6999.522435295614,211.13874417437933,2752.7510484929653,2075.605199003856,20858.884558110356,5906.074357332813,7632.456324420438,34397.41523986361
问题3_固定价,2025-12-13,41513.76712290809,44996.60688185043,3724.505490407773,241.66573146543055,4020.4184807352285,1381.3245799040842,21408.157692369357,3425.7805507618195,13572.390517762464,38406.32876089364
问题3_固定价,2025-12-14,83451.82705003429,91613.1413708734,8161.314320839115,0.0,3541.0884862035746,1565.3490785320882,52544.91154385224,9004.330460397667,12094.92766343834,73644.16966768824
问题3_固定价,2025-12-15,83705.68716666667,92475.84730394291,8770.160137276247,0.0,3229.647159199781,1458.8922126419836,52621.26786972361,9739.589558077856,10197.924092279132,72558.78152008059
问题3_固定价,2025-12-16,88740.31354166666,92152.59992080381,3552.6400675060654,140.35368836892053,3217.8764860617316,1266.7981234540011,56496.125331483054,4152.092665597491,9786.381687833964,70434.5996849145
问题3_固定价,2025-12-17,89497.97360524691,90252.98394934334,1619.8117092392158,864.8013651427849,3440.82259632323,791.3831470982661,56725.44453185416,1789.8828005547805,10615.362482878987,69130.68981528793
问题3_固定价,2025-12-18,84761.03801718105,90599.98725476197,5838.949237580921,0.0,3131.139298565663,1587.7887093248266,53766.67095395231,6821.586056447499,9152.783112986352,69741.04012338616
问题3_固定价,2025-12-19,38432.866507133054,44103.8648477081,5691.251866777438,20.253526202392436,3387.5534692816004,793.8810779900516,20325.056881633434,4822.34227564783,10620.244573221204,35767.64373050247
问题3_固定价,2025-12-20,41490.51828981481,44780.45551627916,3289.937226464343,0.0,3215.3130583371526,1077.495106073226,21663.688120635965,2847.992379199443,9831.71607582594,34343.39657566135
问题3_固定价,2025-12-21,87963.51915679012,91730.18930758296,4145.344655607981,378.6745048151357,4433.143102077611,2295.962430518646,55637.01080798194,4601.4699317633795,14931.807933978063,75170.28867372338
问题3_固定价,2025-12-22,86441.26254146089,91242.92987527305,4801.667333812156,0.0,3376.491557496601,917.5124099742578,54825.31688801796,5261.4025531859925,10497.546679412564,70584.2661206165
问题3_固定价,2025-12-23,88884.05798446502,89845.99893972484,1580.7211243489546,618.78016908913,3205.662498556557,1065.110736364509,56345.40116220008,1856.5291956463334,10475.795977886493,68677.72633573292
问题3_固定价,2025-12-24,87870.929225,90973.94400623423,3103.0147812342425,0.0,2733.4020418535792,1108.970238981522,56033.51105384333,3600.760174702316,8035.354366841675,67669.62559538732
问题3_固定价,2025-12-25,84156.07383333333,90354.60039985782,6198.526566524499,0.0,3833.6811720870323,1573.941039536262,53093.799146285,6800.418163417274,12558.84988221696,72453.06719191922
问题3_固定价,2025-12-26,39669.03224458161,44693.361907493054,5266.944329940829,242.61466702939228,3152.168105653317,878.0891474888488,20870.694563970977,4504.875624336643,9827.775221242551,35203.34540955017
问题3_固定价,2025-12-27,41650.33523816872,46037.435301710866,4387.100063542143,0.0,2800.500556435338,1494.8035058956214,21643.4240630947,3721.2251581112546,8862.146277180234,34226.795498386185
问题3_固定价,2025-12-28,87335.29259053497,90195.39306983816,2871.227101585036,11.126622281852406,2845.9971042261914,1540.7198054067253,55448.52700966879,3299.4695341329034,8961.131997577382,67709.12854137908
问题3_固定价,2025-12-29,87871.27303333333,92092.34741924032,4221.074385906998,0.0,1967.2460144613074,1748.2645695620533,55408.78264990027,4485.455391320569,6591.320374998216,66485.55841621905
问题3_固定价,2025-12-30,88966.65526917008,89767.37163765692,1365.8394620482968,565.1230935614575,2790.1507412324418,1640.8325029675727,56454.48611379533,1631.6685332885663,9179.665201770922,67265.81984885482
问题3_固定价,2025-12-31,90898.75641131686,92564.98909102827,2154.251849599184,488.0191698877768,2301.5403419916647,1427.7885531057461,57590.60133186787,2543.893162401012,7785.963121058265,67920.45761532715
问题4-2_波动价,2025-01-01,59368.51702495473,59368.51702495473,0.0,0.0,36514.41488333333,21.217299999999966,39388.597054313286,0.0,192086.95903032497,231475.55608463826
问题4-2_波动价,2025-01-02,96695.10686172839,96695.10686172839,0.0,0.0,2483.2580333333335,1633.1887833333317,73278.62936119165,0.0,12317.135673350003,85595.76503454166
问题4-2_波动价,2025-01-03,98719.51235209875,98719.51235209875,0.0,0.0,0.0,48396.69676,58200.61144534924,0.0,0.0,58200.61144534924
问题4-2_波动价,2025-01-04,98314.50869975307,98314.50869975307,0.0,0.0,34.972000000000094,48555.550293333334,56783.62721348408,0.0,82.65632200000023,56866.28353548408
问题4-2_波动价,2025-01-05,97512.34353999999,97512.34353999999,0.0,0.0,1229.3539633333323,2829.3205366666675,74228.35672714899,0.0,5554.0965139216605,79782.45324107066
问题4-2_波动价,2025-01-06,98293.26253020576,98293.26253020576,0.0,0.0,757.8362599999997,3579.8065633333326,75098.01654579751,0.0,3699.007133408334,78797.02367920584
问题4-2_波动价,2025-01-07,98578.65938456789,98578.65938456789,0.0,0.0,1301.0572666666667,2448.1159499999994,75400.84523726709,0.0,6409.185640608334,81810.03087787543
问题4-2_波动价,2025-01-08,98819.17218497941,98819.17218497941,0.0,0.0,679.9091699999999,5278.490523333332,74684.86017665202,0.0,2666.902094486665,77351.76227113868
问题4-2_波动价,2025-01-09,99033.82127999999,99033.82127999999,0.0,0.0,659.2525099999993,3724.8510066666654,74969.87741800433,0.0,2419.3049383149973,77389.18235631932
问题4-2_波动价,2025-01-10,99351.2024003292,99351.2024003292,0.0,0.0,0.0,48924.12666333333,57383.44112955879,0.0,0.0,57383.44112955879
问题4-2_波动价,2025-01-11,99211.28148975308,99211.28148975308,0.0,0.0,4.073999999999955,49345.42568333333,57748.21873300997,0.0,9.557603999999897,57757.77633700997
问题4-2_波动价,2025-01-12,98847.75373333333,98847.75373333333,0.0,0.0,434.41465000000085,3539.6133166666687,75414.49196546999,0.0,1679.7634214083364,77094.25538687833
问题4-2_波动价,2025-01-13,99024.02401502056,99024.02401502056,0.0,0.0,400.97292333333286,6129.6875199999995,74659.01771975438,0.0,1294.971466723332,75953.98918647772
问题4-2_波动价,2025-01-14,98814.76110884773,98814.76110884773,0.0,0.0,457.9921700000003,5116.400179999999,74417.09986422949,0.0,1657.4339721383346,76074.53383636783
问题4-2_波动价,2025-01-15,98803.74222666665,98803.74222666665,0.0,0.0,387.2580933333335,4243.990719999997,74942.69732459633,0.0,2019.7640851500012,76962.46140974632
问题4-2_波动价,2025-01-16,98859.71248999999,98859.71248999999,0.0,0.0,579.5568666666674,5488.4512399999985,74216.08809831498,0.0,2933.1738902866705,77149.26198860166
问题4-2_波动价,2025-01-17,98950.05015720164,98950.05015720164,0.0,0.0,0.0,51308.947799999994,57266.64727146417,0.0,0.0,57266.64727146417
问题4-2_波动价,2025-01-18,98708.34248201645,98708.34248201645,0.0,0.0,27.15599999999995,50573.37521666666,57083.02468839948,0.0,66.61366799999988,57149.638356399475
问题4-2_波动价,2025-01-19,98458.66642,98458.66642,0.0,0.0,221.06626000000006,5119.926546666666,74409.94116153267,0.0,1070.6291143533335,75480.570275886
问题4-2_波动价,2025-01-20,98239.79169460906,98239.79169460906,0.0,0.0,248.75444666666704,5732.474379999999,74009.42538408106,0.0,1113.3109185116675,75122.73630259273
问题4-2_波动价,2025-01-21,98158.79172251029,98158.79172251029,0.0,0.0,301.32523000000026,10328.336863333332,72481.17486468011,0.0,1119.438728981668,73600.6135936618
问题4-2_波动价,2025-01-22,98371.01229312757,98371.01229312757,0.0,0.0,422.77699000000075,4897.024310000002,73708.38053735263,0.0,1718.8982122966704,75427.2787496493
问题4-2_波动价,2025-01-23,98595.50780152263,98595.50780152263,0.0,0.0,302.50450000000023,4569.456246666667,75287.31847518317,0.0,1361.3541279600013,76648.67260314316
问题4-2_波动价,2025-01-24,51380.93223148148,51380.93223148148,0.0,0.0,441.88846666666643,7902.248543333333,22709.528962240627,0.0,1279.1903532850001,23988.719315525625
问题4-2_波动价,2025-01-25,51015.54486547324,51015.54486547324,0.0,0.0,216.56075333333308,8618.00449,22299.236223575608,0.0,884.4266527500001,23183.66287632561
问题4-2_波动价,2025-01-26,97612.03179308641,97612.03179308641,0.0,0.0,474.9115366666665,5558.9690766666645,73497.82031757325,0.0,1672.4548221466666,75170.27513971992
问题4-2_波动价,2025-01-27,96173.64423078188,96173.64423078188,0.0,0.0,395.1366599999992,7643.107876666668,70969.0737213728,0.0,1580.2944993383296,72549.36822071113
问题4-2_波动价,2025-01-28,97335.69734650204,97335.69734650204,0.0,0.0,420.18871666666644,5942.01337333333,71765.18062790355,0.0,1631.886597974998,73397.06722587855
问题4-2_波动价,2025-01-29,97965.71188666666,97965.71188666666,0.0,0.0,170.6361666666666,12032.813669999998,71480.88285221266,0.0,621.9037356033332,72102.786587816
问题4-2_波动价,2025-01-30,98680.81239333333,98680.81239333333,0.0,0.0,128.43567666666695,10189.998619999998,72651.99229955366,0.0,721.4058817116669,73373.39818126532
问题4-2_波动价,2025-01-31,51013.021321810695,51013.021321810695,0.0,0.0,238.1563233333332,8407.376263333334,22660.116173451952,0.0,1008.2551026983325,23668.371276150283
问题4-2_波动价,2025-02-01,50559.04985864197,50559.04985864197,0.0,0.0,44.446113333333415,12152.078129999998,21301.573539658024,0.0,134.52851978500027,21436.102059443027
问题4-2_波动价,2025-02-02,97446.84532666666,97446.84532666666,0.0,0.0,7.8597966666665116,14538.427173333335,69189.69654024167,0.0,34.31825344166609,69224.01479368332
问题4-2_波动价,2025-02-03,95616.17789333333,95616.17789333333,0.0,0.0,9.575653333333321,11007.17038,68838.64035827665,0.0,21.29146518666664,68859.93182346332
问题4-2_波动价,2025-02-04,97115.67847530862,97115.67847530862,0.0,0.0,73.69183666666675,11216.564016666667,69799.6582513262,0.0,227.4888076650005,70027.1470589912
问题4-2_波动价,2025-02-05,97436.45145090534,97436.45145090534,0.0,0.0,8.339886666666757,11985.039526666666,70273.0705592548,0.0,53.97157656333392,70327.04213581815
问题4-2_波动价,2025-02-06,97919.64387999999,97919.64387999999,0.0,0.0,7.976970000000051,13128.2303,70595.56257717832,0.0,27.73278934166678,70623.29536651999
问题4-2_波动价,2025-02-07,50801.7716272428,50801.7716272428,0.0,0.0,28.165076666666664,14637.681053333334,21024.198064578402,0.0,151.77402442833335,21175.972089006736
问题4-2_波动价,2025-02-08,49997.20485798353,49997.20485798353,0.0,0.0,42.748189999999965,14270.165003333332,20583.97047550346,0.0,248.4136804849998,20832.38415598846
问题4-2_波动价,2025-02-09,96593.62949666666,96593.62949666666,0.0,0.0,0.26875666666671805,12636.81562,69091.52396173366,0.0,0.46978665333342323,69091.99374838699
问题4-2_波动价,2025-02-10,94885.73198333333,94885.73198333333,0.0,0.0,17.708333333333485,16175.136066666668,65793.418201814,0.0,112.29739583333429,65905.71559764733
问题4-2_波动价,2025-02-11,96204.7717774897,96204.7717774897,0.0,0.0,23.10654666666676,16205.571373333332,67048.01426227564,0.0,112.3788678666672,67160.39313014231
问题4-2_波动价,2025-02-12,96679.48848333332,96679.48848333332,0.0,0.0,11.244016666666766,16705.66303333333,67538.45489284166,0.0,72.10323225000064,67610.55812509166
问题4-2_波动价,2025-02-13,97347.83475,97347.83475,0.0,0.0,6.5031166666665285,21464.85885,67206.860399325,0.0,41.704487183332446,67248.56488650833
问题4-2_波动价,2025-02-14,49726.90633271605,49726.90633271605,0.0,0.0,7.210583333333375,15870.227949999999,20575.163308931973,0.0,40.73253058333356,20615.895839515306
问题4-2_波动价,2025-02-15,49335.12793415637,49335.12793415637,0.0,0.0,55.73736666666673,15904.442366666664,20754.033573161374,0.0,303.680018566667,21057.713591728043
问题4-2_波动价,2025-02-16,96233.38373333332,96233.38373333332,0.0,0.0,34.64298333333318,16172.314283333331,67498.34303666498,0.0,233.10920779999896,67731.45224446499
问题4-2_波动价,2025-02-17,94403.25951316871,94403.25951316871,0.0,0.0,17.1114166666664,18578.66423333333,65431.6538563246,0.0,102.78486278333219,65534.43871910794
问题4-2_波动价,2025-02-18,94855.38038580246,94855.38038580246,0.0,0.0,0.0,18309.12198333333,65128.22840636024,0.0,0.0,65128.22840636024
问题4-2_波动价,2025-02-19,96424.82225806583,96424.82225806583,0.0,0.0,52.61876000000018,18653.90970333333,66113.67677243064,0.0,220.93660706000043,66334.61337949065
问题4-2_波动价,2025-02-20,96684.50744333332,96684.50744333332,0.0,0.0,19.44724333333329,21309.154286666664,67414.38328630266,0.0,94.19547657333294,67508.578762876
问题4-2_波动价,2025-02-21,49156.36401259259,49156.36401259259,0.0,0.0,26.904769999999814,19562.990433333332,20090.958557751594,0.0,109.17889002666608,20200.13744777826
问题4-2_波动价,2025-02-22,48541.61307502057,48541.61307502057,0.0,0.0,43.568886666666685,16680.295563333333,20173.94069940763,0.0,203.09397588333334,20377.034675290965
问题4-2_波动价,2025-02-23,95395.28073337447,95395.28073337447,0.0,0.0,40.591530000000034,19423.910109999997,65847.70327812438,0.0,191.78227340166703,66039.48555152604
问题4-2_波动价,2025-02-24,93752.04644724278,93752.04644724278,0.0,0.0,55.49844333333317,21017.459703333334,64073.254941429725,0.0,342.83905974499896,64416.09400117473
问题4-2_波动价,2025-02-25,94129.20366999999,94129.20366999999,0.0,0.0,50.782273333333364,23988.66271,63366.18066836766,0.0,259.816196901667,63625.99686526933
问题4-2_波动价,2025-02-26,95665.18605156378,95665.18605156378,0.0,0.0,8.804666666666662,22234.466999999997,65582.90193465778,0.0,56.30144099999997,65639.20337565779
问题4-2_波动价,2025-02-27,96214.98856806583,96214.98856806583,0.0,0.0,2.4610300000000507,24843.835086666666,64579.76642503874,0.0,15.92320579500032,64595.68963083374
问题4-2_波动价,2025-02-28,48641.4941791358,48641.4941791358,0.0,0.0,46.479263333333336,21337.434409999998,19443.99014165421,0.0,237.8507883216668,19681.840929975875
问题4-2_波动价,2025-03-01,48045.17891530864,48045.17891530864,0.0,0.0,24.72949666666665,20211.01097,19276.745543566656,0.0,139.67697538499988,19416.422518951655
问题4-2_波动价,2025-03-02,95384.55444567901,95384.55444567901,0.0,0.0,33.776693333333355,18020.816393333334,64919.98825494786,0.0,174.66560269333354,65094.65385764119
问题4-2_波动价,2025-03-03,93249.26158798354,93249.26158798354,0.0,0.0,104.03480999999954,16714.229253333335,63318.49470829385,0.0,568.9060155183306,63887.400723812185
问题4-2_波动价,2025-03-04,93893.45072851851,93893.45072851851,0.0,0.0,5.561820000000125,19951.536406666666,63310.3538160344,0.0,28.310872816667384,63338.664688851066
问题4-2_波动价,2025-03-05,93966.78278333333,93966.78278333333,0.0,0.0,17.91753333333361,23135.894966666667,62417.094216457655,0.0,81.43183186166782,62498.52604831933
问题4-2_波动价,2025-03-06,93956.22845411522,93956.22845411522,0.0,0.0,32.94888999999995,23516.650746666666,62701.554223507854,0.0,140.17765335166624,62841.73187685952
问题4-2_波动价,2025-03-07,47054.23023333335,47054.23023333335,0.0,0.0,28.665173333333314,22012.27654,18283.251319163,0.0,62.62855682666677,18345.879875989664
问题4-2_波动价,2025-03-08,45581.141993333316,45581.141993333316,0.0,0.0,26.71684333333326,22396.385986666664,17932.163435385668,0.0,115.438518558333,18047.601953944002
问题4-2_波动价,2025-03-09,92726.72724333333,92726.72724333333,0.0,0.0,60.37983000000031,24893.582023333332,60547.261831683325,0.0,328.430470585002,60875.692302268326
问题4-2_波动价,2025-03-10,90718.99278041151,90718.99278041151,0.0,0.0,117.18639333333306,18343.560776666665,61221.90514865246,0.0,559.693048289999,61781.59819694246
问题4-2_波动价,2025-03-11,91168.85356563785,91168.85356563785,0.0,0.0,74.16722666666601,22746.959576666664,60355.78578202297,0.0,394.8866833749974,60750.67246539796
问题4-2_波动价,2025-03-12,91596.99624666666,91596.99624666666,0.0,0.0,76.4370766666666,24677.89864,59663.44751715934,0.0,237.4536665733333,59900.90118373267
问题4-2_波动价,2025-03-13,91441.68027333333,91441.68027333333,0.0,0.0,88.60474666666676,19108.000336666668,60818.736937958325,0.0,500.41160170500046,61319.14853966333
问题4-2_波动价,2025-03-14,44512.54745333335,44512.54745333335,0.0,0.0,46.30381333333327,24064.42528333333,16740.036956795,0.0,209.3149909133328,16949.351947708332
问题4-2_波动价,2025-03-15,42203.62977473252,42203.62977473252,0.0,0.0,185.94980333333348,17338.81714,16902.258268937338,0.0,822.8337799066671,17725.092048844006
问题4-2_波动价,2025-03-16,89736.94175666667,89736.94175666667,0.0,0.0,21.672816666666563,22005.900973333333,58930.78512299267,0.0,105.71200613333293,59036.497129126
问题4-2_波动价,2025-03-17,87837.57169666665,87837.57169666665,0.0,0.0,77.91911000000016,25655.692706666665,55678.84693764466,0.0,491.2266146683341,56170.073552313
问题4-2_波动价,2025-03-18,87551.90917999999,87551.90917999999,0.0,0.0,75.25491666666642,22257.872396666666,56678.47950721799,0.0,382.7720429333327,57061.251550151326
问题4-2_波动价,2025-03-19,87661.04213127571,87661.04213127571,0.0,0.0,15.415053333333276,23346.64521,55368.49734797233,0.0,92.1194431449996,55460.616791117325
问题4-2_波动价,2025-03-20,87961.65294164608,87961.65294164608,0.0,0.0,156.49346666666668,21270.030173333333,56603.8558521368,0.0,879.670950735,57483.526802871806
问题4-2_波动价,2025-03-21,40780.27025259259,40780.27025259259,0.0,0.0,159.0329699999998,24880.743756666667,15639.566360006665,0.0,627.7812243966656,16267.347584403333
问题4-2_波动价,2025-03-22,39173.89667020576,39173.89667020576,0.0,0.0,42.106100000000026,19272.520706666666,15384.916974837133,0.0,79.49285998333326,15464.409834820468
问题4-2_波动价,2025-03-23,87035.92400999999,87035.92400999999,0.0,0.0,121.8980766666669,23511.435303333332,54858.554814790994,0.0,629.936065876668,55488.49088066766
问题4-2_波动价,2025-03-24,84706.77731666666,84706.77731666666,0.0,0.0,102.724246666667,22282.671146666664,53362.57018431033,0.0,329.21936718000137,53691.78955149033
问题4-2_波动价,2025-03-25,85022.62286440328,85022.62286440328,0.0,0.0,117.93128333333271,19766.001109999997,54187.139105091584,0.0,517.3042926449974,54704.443397736584
问题4-2_波动价,2025-03-26,83061.78719666666,83061.78719666666,0.0,0.0,107.61128666666662,23206.84361666667,51504.40161973733,0.0,382.1981072983328,51886.59972703566
问题4-2_波动价,2025-03-27,83837.69324028806,83837.69324028806,0.0,0.0,139.52961333333315,20808.602706666665,52385.27805175709,0.0,571.6442031083321,52956.92225486542
问题4-2_波动价,2025-03-28,37957.49895584362,37957.49895584362,0.0,0.0,115.63011333333287,23282.085146666665,14856.223352092878,0.0,388.83740785333237,15245.060759946211
问题4-2_波动价,2025-03-29,37078.20103144032,37078.20103144032,0.0,0.0,99.32761666666647,25680.292206666665,14642.822805722746,0.0,440.34436961333284,15083.167175336079
问题4-2_波动价,2025-03-30,83118.7879163786,83118.7879163786,0.0,0.0,141.8766366666663,23426.15929,50671.40681220123,0.0,478.14080959999836,51149.54762180123
问题4-2_波动价,2025-03-31,81502.2730318144,81502.2730318144,0.0,0.0,68.79205666666655,20206.01657,50542.88753791912,0.0,243.9268794766663,50786.81441739579
问题4-2_波动价,2025-04-01,80348.46195289999,80348.46195289999,0.0,0.0,191.6505166666667,15767.852623333334,50702.65270563623,0.0,944.6755165400006,51647.32822217623
问题4-2_波动价,2025-04-02,80074.60698325103,80074.60698325103,0.0,0.0,191.26247666666643,15273.515196666667,49786.907307461996,0.0,1001.6516725799984,50788.558980042
问题4-2_波动价,2025-04-03,79834.74982866255,79834.74982866255,0.0,0.0,166.826816666667,19467.218249999998,49393.658195495,0.0,656.6254424083353,50050.28363790334
问题4-2_波动价,2025-04-04,35745.646461769546,35745.646461769546,0.0,0.0,100.94849000000005,25961.580543333326,14018.39001589798,0.0,462.16344257166713,14480.553458469647
问题4-2_波动价,2025-04-05,35657.75686061726,35657.75686061726,0.0,0.0,153.5886899999997,20180.177509999994,14239.767030026533,0.0,345.61554821666596,14585.3825782432
问题4-2_波动价,2025-04-06,80956.70116999999,80956.70116999999,0.0,0.0,141.6926699999999,22286.650906666666,50155.07985316933,0.0,642.444868053333,50797.52472122266
问题4-2_波动价,2025-04-07,78134.82716674898,78134.82716674898,0.0,0.0,87.98640666666671,20519.1809,47771.37853443154,0.0,359.00160556166685,48130.380139993205
问题4-2_波动价,2025-04-08,77734.55273073333,77734.55273073333,0.0,0.0,154.37906999999961,19105.413856666666,47013.453280540074,0.0,570.1972564299981,47583.65053697007
问题4-2_波动价,2025-04-09,77510.55658376667,77510.55658376667,0.0,0.0,134.1125633333334,14085.53551333333,47971.29428256569,0.0,406.6257895766664,48377.92007214235
问题4-2_波动价,2025-04-10,76405.38420938888,76405.38420938888,0.0,0.0,155.40126333333325,17680.270006666666,46460.34769153669,0.0,670.5398421416655,47130.88753367836
问题4-2_波动价,2025-04-11,34873.52495000002,34873.52495000002,0.0,0.0,285.2638000000001,26010.471916666665,13447.49128509833,0.0,941.1400562383337,14388.631341336662
问题4-2_波动价,2025-04-12,34876.98042773663,34876.98042773663,0.0,0.0,80.67402333333337,22009.004569999997,13269.87317069385,0.0,244.33934221333354,13514.212512907185
问题4-2_波动价,2025-04-13,76837.39482839506,76837.39482839506,0.0,0.0,121.84797999999995,18140.413776666668,46842.51089987768,0.0,568.4344873483333,47410.945387226006
问题4-2_波动价,2025-04-14,75893.85085279835,75893.85085279835,0.0,0.0,164.1356966666665,18998.74857,45577.0215196588,0.0,653.041241204999,46230.0627608638
问题4-2_波动价,2025-04-15,75465.1239510288,75465.1239510288,0.0,0.0,137.08135666666692,20914.172626666663,44549.016527841195,0.0,663.0742447516674,45212.09077259286
问题4-2_波动价,2025-04-16,74496.63416930001,74496.63416930001,0.0,0.0,215.40591999999958,14521.590576666667,45618.62245645735,0.0,749.3097205549984,46367.93217701235
问题4-2_波动价,2025-04-17,74101.44305288066,74101.44305288066,0.0,0.0,45.38524333333356,16951.67134333333,44370.945572986115,0.0,240.88644408000104,44611.83201706612
问题4-2_波动价,2025-04-18,33431.93518283951,33431.93518283951,0.0,0.0,87.60786666666644,23750.05455,13044.46273632337,0.0,303.08516172333304,13347.547898046703
问题4-2_波动价,2025-04-19,33103.81315135802,33103.81315135802,0.0,0.0,167.9400633333334,23148.758126666668,12953.545442729579,0.0,451.0787895583331,13404.624232287912
问题4-2_波动价,2025-04-20,73343.38878753086,73343.38878753086,0.0,0.0,46.77435333333335,17065.67558,43931.37457039012,0.0,103.79340634333342,44035.16797673346
问题4-2_波动价,2025-04-21,73213.89411757201,73213.89411757201,0.0,0.0,274.64786999999967,20732.316683333334,43132.395714742204,0.0,795.2638743099992,43927.6595890522
问题4-2_波动价,2025-04-22,72382.99339584362,72382.99339584362,0.0,0.0,192.5484033333331,16227.086556666665,43505.99635193464,0.0,687.6201598549992,44193.616511789645
问题4-2_波动价,2025-04-23,71405.01987497942,71405.01987497942,0.0,0.0,244.25081666666682,15901.828846666665,42834.4958485264,0.0,816.4831662666675,43650.97901479306
问题4-2_波动价,2025-04-24,71226.62896617284,71226.62896617284,0.0,0.0,155.39630999999997,19969.511643333335,42169.45197857428,0.0,656.9391397699999,42826.39111834428
问题4-2_波动价,2025-04-25,32409.964894650206,32409.964894650206,0.0,0.0,250.3119299999999,27097.902263333326,12158.050650637137,0.0,770.9282822100002,12928.978932847138
问题4-2_波动价,2025-04-26,32387.354770000024,32387.354770000024,0.0,0.0,240.27188999999998,28884.099693333334,12429.056845611669,0.0,812.1287363866667,13241.185581998336
问题4-2_波动价,2025-04-27,70413.99118296296,70413.99118296296,0.0,0.0,238.41448666666645,17880.170916666666,41162.38814066666,0.0,565.7973219100002,41728.185462576665
问题4-2_波动价,2025-04-28,70882.35933942387,70882.35933942387,0.0,0.0,341.3124666666665,10514.293583333334,43159.937440520654,0.0,1088.2340065800001,44248.171447100656
问题4-2_波动价,2025-04-29,71131.20028971194,71131.20028971194,0.0,0.0,55.059196666666594,19270.538379999998,41273.1865845748,0.0,248.0555365033324,41521.24212107813
问题4-2_波动价,2025-04-30,69415.392755679,69415.392755679,0.0,0.0,295.24222333333336,17300.018213333333,40772.50335494062,0.0,992.2032204383333,41764.70657537896
问题4-2_波动价,2025-05-01,69642.23689308642,69642.23689308642,0.0,0.0,1896.6812899999995,16150.853583333334,41734.46817531766,0.0,8858.312188359998,50592.78036367766
问题4-2_波动价,2025-05-02,31065.414370000028,31065.414370000028,0.0,0.0,2319.3200300000003,15737.747649999996,12582.179062319672,0.0,7713.612149323333,20295.791211643005
问题4-2_波动价,2025-05-03,31421.521560000027,31421.521560000027,0.0,0.0,1826.2794833333332,20865.629393333336,12456.030334437006,0.0,8072.232194295,20528.262528732004
问题4-2_波动价,2025-05-04,67234.48834358025,67234.48834358025,0.0,0.0,2206.437026666667,13543.153423333331,40859.15084132977,0.0,10153.12189296167,51012.27273429144
问题4-2_波动价,2025-05-05,67856.51230366254,67856.51230366254,0.0,0.0,1733.6095966666667,10212.041726666666,40657.66538515323,0.0,7956.796305511667,48614.4616906649
问题4-2_波动价,2025-05-06,67666.45648526748,67666.45648526748,0.0,0.0,2083.042603333334,12648.8491,40716.978332381426,0.0,9082.059525113335,49799.03785749476
问题4-2_波动价,2025-05-07,67346.47531802468,67346.47531802468,0.0,0.0,1848.58141,10008.082086666667,40705.47572759664,0.0,8811.96245521,49517.43818280664
问题4-2_波动价,2025-05-08,67397.08374163868,67397.08374163868,0.0,0.0,2002.4090666666666,9505.083779999999,41141.638666351086,0.0,8895.752189503333,50037.39085585442
问题4-2_波动价,2025-05-09,30767.859183333363,30767.859183333363,0.0,0.0,1264.6204233333333,20176.427089999997,12199.711843461006,0.0,5472.1291176016675,17671.840961062673
问题4-2_波动价,2025-05-10,30810.38065000003,30810.38065000003,0.0,0.0,2058.9604166666663,17391.629116666667,12407.782872569005,0.0,8041.812063664999,20449.594936234003
问题4-2_波动价,2025-05-11,64821.30272185185,64821.30272185185,0.0,0.0,2248.823419999999,7482.708286666668,39066.13898300545,0.0,10664.957912746662,49731.09689575211
问题4-2_波动价,2025-05-12,65136.9300181893,65136.9300181893,0.0,0.0,1983.8928100000003,11096.667149999997,39477.98250818487,0.0,8247.485887480001,47725.46839566487
问题4-2_波动价,2025-05-13,66273.95602814814,66273.95602814814,0.0,0.0,1323.9431166666666,10223.099806666665,39739.57955473088,0.0,6623.878132979999,46363.45768771088
问题4-2_波动价,2025-05-14,66435.4416821399,66435.4416821399,0.0,0.0,1284.555186666667,10612.081859999998,39393.07519844794,0.0,6104.090220668336,45497.16541911628
问题4-2_波动价,2025-05-15,66444.693483786,66444.693483786,0.0,0.0,681.1240833333328,9979.669636666664,40313.9755452808,0.0,2809.506676369998,43123.4822216508
问题4-2_波动价,2025-05-16,30806.92218967078,30806.92218967078,0.0,0.0,1192.336083333333,25952.796209999997,12384.255780651136,0.0,4282.154407011664,16666.4101876628
问题4-2_波动价,2025-05-17,30869.7935266667,30869.7935266667,0.0,0.0,1591.2897633333328,18655.61754,12656.250499784011,0.0,6157.428741139998,18813.679240924008
问题4-2_波动价,2025-05-18,64387.22814617284,64387.22814617284,0.0,0.0,1785.235563333333,8492.715516666667,38894.32691643304,0.0,5889.318108691666,44783.64502512471
问题4-2_波动价,2025-05-19,65103.37895037037,65103.37895037037,0.0,0.0,955.2436399999995,14415.104019999999,38412.386912181486,0.0,5038.956614846666,43451.343527028155
问题4-2_波动价,2025-05-20,65358.20929621402,65358.20929621402,0.0,0.0,2293.0445433333334,8936.91786,39084.425935030704,0.0,10076.763511428337,49161.18944645904
问题4-2_波动价,2025-05-21,65761.6421028395,65761.6421028395,0.0,0.0,1014.2546833333345,11340.55395,39326.35060332679,0.0,4404.394333181671,43730.74493650846
问题4-2_波动价,2025-05-22,64278.451162386824,64278.451162386824,0.0,0.0,424.34682999999893,9813.40762,38688.75278155995,0.0,1566.9904412849962,40255.74322284495
问题4-2_波动价,2025-05-23,31009.720443333365,31009.720443333365,0.0,0.0,1055.7232866666661,21971.161513333333,12235.567713824337,0.0,3370.691136956665,15606.258850781001
问题4-2_波动价,2025-05-24,30842.184996666703,30842.184996666703,0.0,0.0,562.4094533333332,24293.426399999997,12774.707714593675,0.0,2074.923899236667,14849.631613830343
问题4-2_波动价,2025-05-25,64548.86225300411,64548.86225300411,0.0,0.0,538.6089833333335,12449.059019999997,38610.99120000862,0.0,2608.662993011668,41219.65419302029
问题4-2_波动价,2025-05-26,63882.68714563786,63882.68714563786,0.0,0.0,1871.8139300000005,7265.264526666669,38181.993880688584,0.0,7318.078278546668,45500.07215923526
问题4-2_波动价,2025-05-27,64539.60388374485,64539.60388374485,0.0,0.0,696.1207800000004,11601.545236666665,38267.06245294691,0.0,2899.7211763566675,41166.78362930358
问题4-2_波动价,2025-05-28,65249.8775119753,65249.8775119753,0.0,0.0,585.77224,9455.857826666665,39239.77851693396,0.0,2215.5031351616663,41455.281652095626
问题4-2_波动价,2025-05-29,62844.48362042921,62844.48362042921,0.0,0.0,1586.112636666666,6401.823160000001,38168.76590742763,0.0,6107.903344623331,44276.66925205096
问题4-2_波动价,2025-05-30,30346.856265061724,30346.856265061724,0.0,0.0,630.8996933333331,21134.458843333334,12669.179212650195,0.0,1767.369467161666,14436.54867981186
问题4-2_波动价,2025-05-31,31207.379984773663,31207.379984773663,0.0,0.0,645.8920033333329,19499.314670000003,12052.909166905149,0.0,2051.1233879783317,14104.03255488348
问题4-2_波动价,2025-06-01,63069.71532462057,63069.71532462057,0.0,0.0,13766.20311,2117.8069866666656,41967.13219910536,0.0,59095.977966528335,101063.1101656337
问题4-2_波动价,2025-06-02,63901.282520288056,63901.282520288056,0.0,0.0,10962.846326666668,2344.409803333333,41196.66393811515,0.0,49839.042001115005,91035.70593923016
问题4-2_波动价,2025-06-03,62434.450770370364,62434.450770370364,0.0,0.0,10367.302826666668,758.6249000000005,40920.62232860099,0.0,44652.40818608667,85573.03051468766
问题4-2_波动价,2025-06-04,63561.89360691361,63561.89360691361,0.0,0.0,10825.455633333333,848.3879133333331,41697.201038791194,0.0,45815.47443958499,87512.67547837619
问题4-2_波动价,2025-06-05,62515.20722806584,62515.20722806584,0.0,0.0,13021.229959999999,610.3160266666656,41412.020647354155,0.0,55249.135036531654,96661.15568388581
问题4-2_波动价,2025-06-06,30162.28313333337,30162.28313333337,0.0,0.0,13720.135659999996,9670.756726666668,13768.490343384348,0.0,49369.70347890999,63138.193822294335
问题4-2_波动价,2025-06-07,30414.789570000037,30414.789570000037,0.0,0.0,10904.024006666665,6677.300410000001,13955.908463067013,0.0,37239.199414783325,51195.10787785034
问题4-2_波动价,2025-06-08,65364.3304317284,65364.3304317284,0.0,0.0,6788.149399999998,3149.763686666665,42851.72599285657,0.0,28107.352321824994,70959.07831468157
问题4-2_波动价,2025-06-09,65641.91415279834,65641.91415279834,0.0,0.0,10017.719190000002,910.7807600000001,43282.3858966488,0.0,44647.00317546667,87929.38907211546
问题4-2_波动价,2025-06-10,64329.354011728385,64329.354011728385,0.0,0.0,12199.178246666665,1025.3147633333328,42196.085002046384,0.0,51524.50132403665,93720.58632608304
问题4-2_波动价,2025-06-11,64552.494449958846,64552.494449958846,0.0,0.0,15976.486036666663,563.7884633333337,42032.19089093546,0.0,75068.83214262666,117101.02303356212
问题4-2_波动价,2025-06-12,64546.07923065843,64546.07923065843,0.0,0.0,12408.36591,841.7170933333332,42621.545856605095,0.0,55419.69706615,98041.24292275509
问题4-2_波动价,2025-06-13,30772.809276666707,30772.809276666707,0.0,0.0,7784.776906666665,7013.939150000001,14202.486840571353,0.0,26204.16412130333,40406.65096187468
问题4-2_波动价,2025-06-14,30946.382606666706,30946.382606666706,0.0,0.0,8360.52987,9915.236393333333,14763.66136360569,0.0,26757.287960453334,41520.949324059024
问题4-2_波动价,2025-06-15,68561.26906366255,68561.26906366255,0.0,0.0,7321.0474166666645,1573.6547466666675,45708.40948242644,0.0,33383.16099826332,79091.57048068977
问题4-2_波动价,2025-06-16,71142.29944310822,71142.29944310822,0.0,0.0,6694.887386666665,1277.9219833333343,47591.09577741454,0.0,29998.758171643327,77589.85394905787
问题4-2_波动价,2025-06-17,69033.35079614239,69033.35079614239,0.0,0.0,10468.255979999998,1111.5963133333346,45987.6990625893,0.0,48026.76521095332,94014.46427354263
问题4-2_波动价,2025-06-18,69760.5884525358,69760.5884525358,0.0,0.0,5950.259656666664,1097.6853066666667,46576.0331036338,0.0,25837.812039426655,72413.84514306046
问题4-2_波动价,2025-06-19,70609.58538004116,70609.58538004116,0.0,0.0,3685.467189999997,2112.7169299999996,46808.20632784057,0.0,16044.250941811655,62852.45726965222
问题4-2_波动价,2025-06-20,33291.82464547325,33291.82464547325,0.0,0.0,2347.3622399999986,9930.918450000001,15982.716589961383,0.0,6779.083022321663,22761.799612283045
问题4-2_波动价,2025-06-21,33620.04331045272,33620.04331045272,0.0,0.0,1551.4352733333321,12180.399356666665,15767.705012040957,0.0,5153.431520036663,20921.13653207762
问题4-2_波动价,2025-06-22,73085.02921304526,73085.02921304526,0.0,0.0,2928.015326666665,4377.5186066666665,48278.453424720254,0.0,12961.406660368324,61239.86008508858
问题4-2_波动价,2025-06-23,74953.40681990494,74953.40681990494,0.0,0.0,1636.817693333333,5612.430290000001,49942.93411632237,0.0,7959.837646234997,57902.77176255737
问题4-2_波动价,2025-06-24,74264.62422726337,74264.62422726337,0.0,0.0,7456.8056166666665,1515.9016900000006,50589.547006949746,0.0,35575.38148931333,86164.92849626308
问题4-2_波动价,2025-06-25,74250.20751609342,74250.20751609342,0.0,0.0,3386.449473333331,3711.931096666667,49440.11525725932,0.0,15099.039092964986,64539.15435022431
问题4-2_波动价,2025-06-26,73845.73671703169,73845.73671703169,0.0,0.0,2452.654476666667,4602.212639999999,48309.89864703896,0.0,11628.118489483335,59938.01713652229
问题4-2_波动价,2025-06-27,34770.97024333337,34770.97024333337,0.0,0.0,588.6173200000001,12072.941696666663,16488.79659724768,0.0,1943.3546280649996,18432.151225312682
问题4-2_波动价,2025-06-28,34444.229750000035,34444.229750000035,0.0,0.0,1127.0650466666661,10279.368680000001,16378.245936005349,0.0,3633.746773491665,20011.992709497015
问题4-2_波动价,2025-06-29,74079.45253662551,74079.45253662551,0.0,0.0,2924.3799900000017,4089.556049999999,49699.16806382887,0.0,12854.65629459334,62553.82435842221
问题4-2_波动价,2025-06-30,75847.5743633,75847.5743633,0.0,0.0,2579.5195366666667,4390.823283333334,50296.36350622949,0.0,10779.266216625,61075.629722854486
问题4-2_波动价,2025-07-01,78515.17945497941,78515.17945497941,0.0,0.0,7405.300926666666,2874.08907,56802.31409058782,0.0,31367.27144730833,88169.58553789614
问题4-2_波动价,2025-07-02,77014.2938229218,77014.2938229218,0.0,0.0,7177.461846666668,7128.647460000001,55282.31257444435,0.0,30813.76163114,86096.07420558436
问题4-2_波动价,2025-07-03,74550.01667296296,74550.01667296296,0.0,0.0,9945.171416666668,1141.461486666666,55102.79193589149,0.0,44646.815038331675,99749.60697422316
问题4-2_波动价,2025-07-04,34869.580971810734,34869.580971810734,0.0,0.0,7787.192793333333,10328.409006666663,18932.048719350612,0.0,28966.217228388337,47898.265947738946
问题4-2_波动价,2025-07-05,34940.76856526753,34940.76856526753,0.0,0.0,8125.5387366666655,10708.421196666664,18372.642937121636,0.0,29135.55776345333,47508.20070057497
问题4-2_波动价,2025-07-06,76355.00356233332,76355.00356233332,0.0,0.0,10060.702290000001,2529.3394266666664,55547.580996542376,0.0,46650.86898758667,102198.44998412904
问题4-2_波动价,2025-07-07,76987.8126446,76987.8126446,0.0,0.0,6895.855429999999,6354.441336666665,55549.37872916109,0.0,28378.948705546663,83928.32743470775
问题4-2_波动价,2025-07-08,80285.60183333333,80285.60183333333,0.0,0.0,6890.274433333333,7361.1559166666675,58106.10490462768,0.0,30438.064755424995,88544.16966005268
问题4-2_波动价,2025-07-09,79027.28895440332,79027.28895440332,0.0,0.0,6085.808003333333,6828.748220000001,56794.45091995345,0.0,27334.975602109997,84129.42652206346
问题4-2_波动价,2025-07-10,77428.09519522592,77428.09519522592,0.0,0.0,5852.030073333332,6338.331976666666,55666.391824837076,0.0,26253.691144008328,81920.0829688454
问题4-2_波动价,2025-07-11,35916.482126666706,35916.482126666706,0.0,0.0,6838.193416666665,7037.565059999997,20122.535107089356,0.0,24150.569066591666,44273.10417368102
问题4-2_波动价,2025-07-12,36214.41899148152,36214.41899148152,0.0,0.0,6587.518809999998,8213.413986666668,19537.723784905837,0.0,23610.209735051656,43147.93351995749
问题4-2_波动价,2025-07-13,78763.50761042387,78763.50761042387,0.0,0.0,5404.809643333333,10663.091919999999,54846.461332448234,0.0,24211.067871731666,79057.5292041799
问题4-2_波动价,2025-07-14,79489.53190543209,79489.53190543209,0.0,0.0,5646.0911099999985,8627.217430000002,56234.52425404824,0.0,25707.52815592166,81942.05240996991
问题4-2_波动价,2025-07-15,86258.72562477367,86258.72562477367,0.0,0.0,2387.2551099999987,11355.335663333337,62359.47873752203,0.0,10194.524142159995,72554.00287968203
问题4-2_波动价,2025-07-16,84214.86704925926,84214.86704925926,0.0,0.0,2866.615389999997,10820.766653333334,61700.33018590728,0.0,12684.048405116653,74384.37859102392
问题4-2_波动价,2025-07-17,82987.02149697658,82987.02149697658,0.0,0.0,3050.1590266666644,8947.75227333333,59780.68135358872,0.0,12986.790688671656,72767.47204226037
问题4-2_波动价,2025-07-18,40491.66465094654,40491.66465094654,0.0,0.0,2148.925929999997,7762.396313333332,22133.21843133093,0.0,7605.176285539989,29738.39471687092
问题4-2_波动价,2025-07-19,40429.96471041153,40429.96471041153,0.0,0.0,2882.6365799999967,12320.628489999996,21923.285370228597,0.0,10577.628290684988,32500.913660913586
问题4-2_波动价,2025-07-20,83927.57232930046,83927.57232930046,0.0,0.0,2224.809759999998,9600.79628666667,60129.75897312795,0.0,9354.34098619499,69484.09995932294
问题4-2_波动价,2025-07-21,84464.60568897119,84464.60568897119,0.0,0.0,2129.7782333333325,8402.726796666668,62068.89876225296,0.0,9569.086146896663,71637.98490914963
问题4-2_波动价,2025-07-22,90100.9303437037,90100.9303437037,0.0,0.0,1070.8951399999996,12549.73466,65350.42703044324,0.0,4055.8914128499987,69406.31844329325
问题4-2_波动价,2025-07-23,88166.78851312757,88166.78851312757,0.0,0.0,933.7967466666662,10402.990360000003,63843.36759441142,0.0,4393.479719126662,68236.84731353808
问题4-2_波动价,2025-07-24,86413.03050404321,86413.03050404321,0.0,0.0,938.2361199999995,9422.352946666668,62907.46194896318,0.0,3931.925187996665,66839.38713695985
问题4-2_波动价,2025-07-25,42768.50235308642,42768.50235308642,0.0,0.0,843.3263999999997,13729.404963333334,23847.659319011284,0.0,3323.9067873283348,27171.56610633962
问题4-2_波动价,2025-07-26,42734.70940732506,42734.70940732506,0.0,0.0,943.5817866666657,11735.788433333333,23797.74347419042,0.0,3226.4846196783305,27024.22809386875
问题4-2_波动价,2025-07-27,86915.81389609053,86915.81389609053,0.0,0.0,1476.9289133333336,10336.347906666668,62944.446453371536,0.0,5524.510386590002,68468.95683996154
问题4-2_波动价,2025-07-28,87565.57908662551,87565.57908662551,0.0,0.0,1146.510556666667,6281.760053333333,64357.847149488276,0.0,5004.792172895001,69362.63932238329
问题4-2_波动价,2025-07-29,91514.62072176955,91514.62072176955,0.0,0.0,487.66810333333274,11060.937350000002,66614.71939933908,0.0,2514.789513359998,69129.50891269908
问题4-2_波动价,2025-07-30,89251.95975193415,89251.95975193415,0.0,0.0,614.0603666666666,11444.025083333334,65833.10787448577,0.0,2893.2520822583333,68726.3599567441
问题4-2_波动价,2025-07-31,88017.3755458897,88017.3755458897,0.0,0.0,541.292983333333,9370.778053333333,63893.135171145215,0.0,2126.500612281665,66019.63578342689
问题4-2_波动价,2025-08-01,43535.30025333338,43535.30025333338,0.0,0.0,726.766466666666,19495.707053333335,24102.085696702354,0.0,2530.7678011416647,26632.85349784402
问题4-2_波动价,2025-08-02,43652.52878621404,43652.52878621404,0.0,0.0,301.05489999999986,19329.844316666666,23749.47017739223,0.0,1290.8529685083327,25040.323145900562
问题4-2_波动价,2025-08-03,87038.00998847737,87038.00998847737,0.0,0.0,734.6348433333333,20459.762619999998,60513.97175074835,0.0,3663.292333495001,64177.264084243354
问题4-2_波动价,2025-08-04,88355.81834666667,88355.81834666667,0.0,0.0,293.01560666666614,18768.65558,62578.82318104002,0.0,1048.824658498331,63627.647839538346
问题4-2_波动价,2025-08-05,91519.7205925926,91519.7205925926,0.0,0.0,198.73816666666653,21964.74335333333,64465.24929539153,0.0,695.5118711583331,65160.76116654986
问题4-2_波动价,2025-08-06,89578.88785115226,89578.88785115226,0.0,0.0,409.76160333333326,17507.74789,64519.789399717374,0.0,1621.811816285,66141.60121600237
问题4-2_波动价,2025-08-07,87503.69513534983,87503.69513534983,0.0,0.0,317.7970233333334,19785.299933333332,61271.1169584118,0.0,1285.2920714599998,62556.40902987181
问题4-2_波动价,2025-08-08,43494.098710576174,43494.098710576174,0.0,0.0,131.22389666666652,24298.369316666667,23716.502614041965,0.0,619.425658966666,24335.928273008634
问题4-2_波动价,2025-08-09,43418.002533333376,43418.002533333376,0.0,0.0,241.652446666667,21222.72598,23834.045479705685,0.0,911.8437893000007,24745.889269005685
问题4-2_波动价,2025-08-10,87449.21036397242,87449.21036397242,0.0,0.0,162.68668999999977,17873.871,62494.8220191774,0.0,524.6439658983322,63019.46598507573
问题4-2_波动价,2025-08-11,88435.01247910493,88435.01247910493,0.0,0.0,319.6665066666667,19340.62713,61637.940291612016,0.0,1568.6469799316653,63206.587271543685
问题4-2_波动价,2025-08-12,89702.50896613169,89702.50896613169,0.0,0.0,181.41743000000025,17880.121693333334,64416.964115175535,0.0,829.2852395533337,65246.24935472887
问题4-2_波动价,2025-08-13,86523.65235860083,86523.65235860083,0.0,0.0,286.1553500000001,16427.927579999996,61322.33075110465,0.0,1191.5180406583338,62513.84879176299
问题4-2_波动价,2025-08-14,85690.45349809546,85690.45349809546,0.0,0.0,251.1913766666661,15748.083773333332,60793.53979575193,0.0,1245.0657899549963,62038.60558570692
问题4-2_波动价,2025-08-15,42617.67545666671,42617.67545666671,0.0,0.0,226.02578999999986,22643.97436333333,23880.65440429103,0.0,572.4299750016664,24453.084379292693
问题4-2_波动价,2025-08-16,43098.52568333338,43098.52568333338,0.0,0.0,240.30691333333306,23052.88556333333,23824.24115853968,0.0,1151.4768546316657,24975.718013171347
问题4-2_波动价,2025-08-17,85636.41267850081,85636.41267850081,0.0,0.0,306.4636466666668,18444.797836666665,60120.504473135916,0.0,1604.57501408,61725.07948721592
问题4-2_波动价,2025-08-18,85312.59289296296,85312.59289296296,0.0,0.0,416.8800533333331,17108.895053333334,60310.05727949149,0.0,1874.3768839466657,62184.434163438156
问题4-2_波动价,2025-08-19,86308.27200185184,86308.27200185184,0.0,0.0,211.41045999999994,17943.026266666668,61248.38471756635,0.0,1285.7326608483343,62534.11737841468
问题4-2_波动价,2025-08-20,83345.19560588482,83345.19560588482,0.0,0.0,602.9935133333329,9006.261476666667,60006.228706340626,0.0,2875.057707364998,62881.286413705624
问题4-2_波动价,2025-08-21,84641.77454514898,84641.77454514898,0.0,0.0,194.79736333333324,14583.722273333333,60008.371259840555,0.0,1267.1601517366662,61275.53141157722
问题4-2_波动价,2025-08-22,43096.50857666671,43096.50857666671,0.0,0.0,626.7616766666657,18977.700853333332,23803.83956494268,0.0,2468.2195579083295,26272.05912285101
问题4-2_波动价,2025-08-23,43590.373244074115,43590.373244074115,0.0,0.0,102.95030666666656,17554.584939999997,23628.88583621361,0.0,232.7297161549996,23861.615552368607
问题4-2_波动价,2025-08-24,83385.59224108518,83385.59224108518,0.0,0.0,353.82235999999955,15752.634433333333,59259.75020589346,0.0,1848.8606938983307,61108.61089979179
问题4-2_波动价,2025-08-25,83966.0346530144,83966.0346530144,0.0,0.0,490.07228000000043,9691.754033333335,60173.489779199655,0.0,1945.1368212383354,62118.626600437994
问题4-2_波动价,2025-08-26,83870.28989955226,83870.28989955226,0.0,0.0,133.4437200000001,14282.762190000001,58782.8348390612,0.0,664.933505058334,59447.76834411953
问题4-2_波动价,2025-08-27,82685.22075781897,82685.22075781897,0.0,0.0,289.16766666666626,10712.40248,58396.93127576221,0.0,1446.865046809998,59843.79632257221
问题4-2_波动价,2025-08-28,82969.74504037037,82969.74504037037,0.0,0.0,1284.8948066666653,9529.606493333335,59421.957819551455,0.0,6282.0900398949925,65704.04785944645
问题4-2_波动价,2025-08-29,43317.65438312757,43317.65438312757,0.0,0.0,792.1711833333331,18116.824316666665,23831.36087511101,0.0,2818.5232724483317,26649.884147559344
问题4-2_波动价,2025-08-30,43616.03358399182,43616.03358399182,0.0,0.0,229.12625333333312,21788.844456666666,24124.007594508457,0.0,937.1091177266657,25061.11671223512
问题4-2_波动价,2025-08-31,80524.50142707818,80524.50142707818,0.0,0.0,424.3061799999997,10149.143376666665,56879.3425047313,0.0,1995.4777643116647,58874.82026904297
问题4-2_波动价,2025-09-01,82486.24155065844,82486.24155065844,0.0,0.0,0.0,24769.88816,52322.41358991443,0.0,0.0,52322.41358991443
问题4-2_波动价,2025-09-02,81588.5237674897,81588.5237674897,0.0,0.0,125.08865666666713,23610.732773333333,51413.94220529909,0.0,527.4222097316688,51941.36441503076
问题4-2_波动价,2025-09-03,82565.20618518519,82565.20618518519,0.0,0.0,0.0,22449.77705333333,53144.23207609313,0.0,0.0,53144.23207609313
问题4-2_波动价,2025-09-04,82109.31888374485,82109.31888374485,0.0,0.0,8.2337766666667,23761.519236666667,52213.65579409148,0.0,37.65306069666681,52251.30885478815
问题4-2_波动价,2025-09-05,42897.26478000005,42897.26478000005,0.0,0.0,126.55303333333336,33001.222813333334,20550.42370319102,0.0,473.96104880500013,21024.384751996018
问题4-2_波动价,2025-09-06,43190.97043732515,43190.97043732515,0.0,0.0,173.259453333333,32099.550643333336,20590.441729947688,0.0,538.8737838449989,21129.315513792688
问题4-2_波动价,2025-09-07,78580.86027827165,78580.86027827165,0.0,0.0,16.09629000000018,19521.009583333333,49985.102030478054,0.0,100.52934799833447,50085.63137847639
问题4-2_波动价,2025-09-08,81748.89613127566,81748.89613127566,0.0,0.0,78.13198000000045,18173.744113333334,52725.595936909645,0.0,373.57572213500197,53099.171659044645
问题4-2_波动价,2025-09-09,80395.6592209465,80395.6592209465,0.0,0.0,85.03403666666668,23276.808223333333,50973.185150984966,0.0,356.606406615,51329.791557599965
问题4-2_波动价,2025-09-10,81633.81593033663,81633.81593033663,0.0,0.0,533.9434066666671,16627.582953333334,53053.875254909944,0.0,2397.178376396668,55451.05363130661
问题4-2_波动价,2025-09-11,81491.67953720165,81491.67953720165,0.0,0.0,65.5431666666667,23814.389143333334,51785.190219480064,0.0,372.0461770416669,52157.23639652173
问题4-2_波动价,2025-09-12,43101.643223333376,43101.643223333376,0.0,0.0,277.9630766666664,28312.950100000002,20516.68289637835,0.0,861.2855968633324,21377.96849324168
问题4-2_波动价,2025-09-13,42638.99657333338,42638.99657333338,0.0,0.0,426.41005666666683,31701.638479999998,20504.48707366134,0.0,1397.4713542150005,21901.958427876343
问题4-2_波动价,2025-09-14,78119.62019065843,78119.62019065843,0.0,0.0,393.7499400000004,14391.546156666667,50775.69384735458,0.0,2078.661951143335,52854.35579849792
问题4-2_波动价,2025-09-15,81381.8146101646,81381.8146101646,0.0,0.0,691.601986666667,22829.61158333333,52198.02416152391,0.0,3020.1423016133353,55218.16646313724
问题4-2_波动价,2025-09-16,79142.88153596995,79142.88153596995,0.0,0.0,345.9289433333329,15724.15756,51758.77106969478,0.0,1277.4817429766651,53036.252812671446
问题4-2_波动价,2025-09-17,81764.97653012346,81764.97653012346,0.0,0.0,288.7969933333335,17681.29992,53046.81178277563,0.0,1352.0322790566674,54398.84406183229
问题4-2_波动价,2025-09-18,80849.75298781897,80849.75298781897,0.0,0.0,276.81482000000017,17872.109253333332,51682.37546268082,0.0,1221.9658552750009,52904.34131795583
问题4-2_波动价,2025-09-19,42979.96645000005,42979.96645000005,0.0,0.0,173.66526333333348,23695.612729999997,20749.477342151014,0.0,545.0843341333338,21294.561676284346
问题4-2_波动价,2025-09-20,43040.938391604985,43040.938391604985,0.0,0.0,715.2157500000002,24414.86480333333,20307.08038630551,0.0,2327.720914551667,22634.801300857176
问题4-2_波动价,2025-09-21,78586.8268790535,78586.8268790535,0.0,0.0,417.46213999999986,16557.20096,51410.49893838548,0.0,1516.5989468749995,52927.097885260475
问题4-2_波动价,2025-09-22,80081.73032527119,80081.73032527119,0.0,0.0,555.0300333333325,15866.37739,52737.419503259145,0.0,2616.8796850233293,55354.29918828247
问题4-2_波动价,2025-09-23,78309.47353320988,78309.47353320988,0.0,0.0,1027.7891366666659,13094.397729999999,51020.47830110608,0.0,4785.640991994995,55806.119293101074
问题4-2_波动价,2025-09-24,80851.75177296296,80851.75177296296,0.0,0.0,602.4467133333329,16169.238816666668,52795.84643306579,0.0,2697.922139548332,55493.76857261411
问题4-2_波动价,2025-09-25,79597.83404382716,79597.83404382716,0.0,0.0,835.19863,15983.880316666666,51996.6678877068,0.0,3634.0270646,55630.694952306796
问题4-2_波动价,2025-09-26,43407.340680000045,43407.340680000045,0.0,0.0,140.14054,22179.904386666665,20368.00504324601,0.0,439.44003267000005,20807.44507591601
问题4-2_波动价,2025-09-27,43282.30756864203,43282.30756864203,0.0,0.0,1418.7541233333322,23524.50279999999,21300.363383909567,0.0,3908.2957654749976,25208.659149384566
问题4-2_波动价,2025-09-28,77748.86862991769,77748.86862991769,0.0,0.0,2014.6564466666673,12165.907906666667,51358.422631433474,0.0,9860.943324090002,61219.36595552348
问题4-2_波动价,2025-09-29,78875.00215333333,78875.00215333333,0.0,0.0,1336.5701766666662,13240.014063333334,51767.14854370001,0.0,6621.299420366664,58388.44796406667
问题4-2_波动价,2025-09-30,77650.51063444855,77650.51063444855,0.0,0.0,2740.6305933333324,10650.386736666667,50661.056204220986,0.0,14026.24621099833,64687.30241521932
问题4-2_波动价,2025-10-01,79904.95834205761,79904.95834205761,0.0,0.0,56.057533333333026,26098.01804,49897.80358948129,0.0,262.61354132999855,50160.41713081129
问题4-2_波动价,2025-10-02,78177.8790174897,78177.8790174897,0.0,0.0,255.47871999999984,22532.489276666667,49042.71570835218,0.0,1133.3456215416659,50176.06132989385
问题4-2_波动价,2025-10-03,43428.609626666715,43428.609626666715,0.0,0.0,71.68620333333348,32009.80879666666,19589.75253737234,0.0,271.3253729516672,19861.07791032401
问题4-2_波动价,2025-10-04,43889.835462469186,43889.835462469186,0.0,0.0,369.9491466666666,27475.76237333333,20410.056798893012,0.0,1400.1318864533332,21810.188685346344
问题4-2_波动价,2025-10-05,78641.14228185185,78641.14228185185,0.0,0.0,309.34207666666657,20064.924396666665,49769.02568825396,0.0,1475.548645846667,51244.57433410063
问题4-2_波动价,2025-10-06,78507.2873707819,78507.2873707819,0.0,0.0,317.57823666666627,16891.259156666663,50556.519990470166,0.0,1512.3297553783314,52068.84974584849
问题4-2_波动价,2025-10-07,78435.78112,78435.78112,0.0,0.0,810.110246666667,17262.661700000004,49989.015331361,0.0,4325.780512838335,54314.79584419934
问题4-2_波动价,2025-10-08,78468.47303987654,78468.47303987654,0.0,0.0,805.9066866666673,18610.937243333334,50222.73877518348,0.0,3559.8972973083364,53782.63607249182
问题4-2_波动价,2025-10-09,77035.47736481481,77035.47736481481,0.0,0.0,872.7956866666664,17987.79275,49140.24561261584,0.0,3964.4142293450004,53104.65984196084
问题4-2_波动价,2025-10-10,42606.5042544856,42606.5042544856,0.0,0.0,329.31677000000013,30172.195153333334,19635.944020650473,0.0,1195.687511646667,20831.631532297142
问题4-2_波动价,2025-10-11,43589.353676378654,43589.353676378654,0.0,0.0,329.55427666667015,26283.838213333333,20277.233220412803,0.0,1146.2254189683374,21423.45863938114
问题4-2_波动价,2025-10-12,77441.74436213991,77441.74436213991,0.0,0.0,651.4101866666671,15437.569536666668,49187.11231817589,0.0,3060.206311870002,52247.31863004589
问题4-2_波动价,2025-10-13,74994.27366823045,74994.27366823045,0.0,0.0,411.5039366666655,14221.218276666668,47510.157184155156,0.0,2077.359303643327,49587.51648779848
问题4-2_波动价,2025-10-14,75384.03247547326,75384.03247547326,0.0,0.0,1103.9661599999995,11388.58064333334,48016.47082762807,0.0,5454.63731365333,53471.1081412814
问题4-2_波动价,2025-10-15,75097.12217349799,75097.12217349799,0.0,0.0,1406.2984700000006,10123.051033333337,47656.58768537201,0.0,6360.580727251669,54017.16841262368
问题4-2_波动价,2025-10-16,73270.17975604939,73270.17975604939,0.0,0.0,2803.1564499999995,9022.510956666669,47060.114902657806,0.0,13630.542148694998,60690.6570513528
问题4-2_波动价,2025-10-17,39549.46369851852,39549.46369851852,0.0,0.0,806.843389999999,20855.919383333334,18125.90342809761,0.0,2816.4935396666633,20942.39696776427
问题4-2_波动价,2025-10-18,40931.17898226337,40931.17898226337,0.0,0.0,766.8130766666662,21712.039640000003,18316.5176338199,0.0,2272.059130926665,20588.57676474657
问题4-2_波动价,2025-10-19,74128.83308086419,74128.83308086419,0.0,0.0,2681.995213333332,8805.611413333336,47959.09476595035,0.0,12788.603925323327,60747.698691273676
问题4-2_波动价,2025-10-20,69977.61373868313,69977.61373868313,0.0,0.0,3621.8858033333345,5048.954303333332,44451.1872739687,0.0,17909.51060961334,62360.69788358204
问题4-2_波动价,2025-10-21,70934.58220884773,70934.58220884773,0.0,0.0,4707.758299999999,5039.00297,45790.992813540484,0.0,19788.370703749995,65579.36351729048
问题4-2_波动价,2025-10-22,70331.60261773663,70331.60261773663,0.0,0.0,4149.003106666667,4821.860546666667,44870.63716347399,0.0,20484.920118546666,65355.55728202066
问题4-2_波动价,2025-10-23,68880.12217781892,68880.12217781892,0.0,0.0,3800.2588533333324,5207.502646666668,43604.23279171292,0.0,17864.962536863328,61469.19532857625
问题4-2_波动价,2025-10-24,35397.96358333339,35397.96358333339,0.0,0.0,2280.4501766666663,15901.696376666667,15408.554378632667,0.0,7876.112664888333,23284.667043521
问题4-2_波动价,2025-10-25,36248.993123374545,36248.993123374545,0.0,0.0,1294.3372866666664,14646.715413333328,15792.292006900307,0.0,4148.975847781666,19941.267854681973
问题4-2_波动价,2025-10-26,70370.11409999999,70370.11409999999,0.0,0.0,2802.1300300000007,4526.642969999998,44968.75683748466,0.0,12538.089425250002,57506.84626273466
问题4-2_波动价,2025-10-27,69828.21556860082,69828.21556860082,0.0,0.0,3488.714660000001,5544.703153333332,44045.457406358735,0.0,16883.437219981668,60928.89462634041
问题4-2_波动价,2025-10-28,72297.0055035288,72297.0055035288,0.0,0.0,3026.79554,4877.73352,46630.67729266966,0.0,14213.501015433334,60844.17830810299
问题4-2_波动价,2025-10-29,70448.00349045267,70448.00349045267,0.0,0.0,6545.248866666667,3575.441123333334,45463.90362527016,0.0,30183.195453538334,75647.0990788085
问题4-2_波动价,2025-10-30,69460.62617082304,69460.62617082304,0.0,0.0,3257.4347166666657,3833.3762933333337,45343.55634953316,0.0,14484.85581711333,59828.412166646485
问题4-2_波动价,2025-10-31,35073.82036000006,35073.82036000006,0.0,0.0,4271.92287,11768.117829999996,14926.475817659672,0.0,13282.512310075,28208.988127734672
问题4-2_波动价,2025-11-01,35666.382817695536,35666.382817695536,0.0,0.0,2763.393166666666,12389.159966666666,15278.655197667416,0.0,8502.234528613331,23780.889726280748
问题4-2_波动价,2025-11-02,71312.1442436214,71312.1442436214,0.0,0.0,4843.236483333333,3207.888666666667,46388.845911733675,0.0,22794.124032076666,69182.96994381034
问题4-2_波动价,2025-11-03,70918.76040530864,70918.76040530864,0.0,0.0,6133.052809999999,3407.462630000001,46193.42397183714,0.0,25439.770907313326,71633.19487915047
问题4-2_波动价,2025-11-04,73557.0467406893,73557.0467406893,0.0,0.0,2266.771800000002,4054.116390000001,48164.81479429704,0.0,10034.558130136675,58199.372924433716
问题4-2_波动价,2025-11-05,72946.61045012345,72946.61045012345,0.0,0.0,4024.885683333334,3154.8429699999997,47922.25320776497,0.0,17769.78351821167,65692.03672597664
问题4-2_波动价,2025-11-06,71599.75313065849,71599.75313065849,0.0,0.0,7192.735949999999,2977.9266266666664,47312.463566599654,0.0,32938.47670841666,80250.94027501631
问题4-2_波动价,2025-11-07,35054.13197851852,35054.13197851852,0.0,0.0,1718.5000266666664,10110.270126666668,14924.258318913302,0.0,6321.996972026665,21246.255290939967
问题4-2_波动价,2025-11-08,35634.86197181076,35634.86197181076,0.0,0.0,1817.6347333333322,10167.07568333333,15416.302300309486,0.0,5882.311963949997,21298.614264259482
问题4-2_波动价,2025-11-09,73511.43448781893,73511.43448781893,0.0,0.0,5303.211220000001,2967.882133333335,47951.16405487015,0.0,24282.407181066672,72233.57123593682
问题4-2_波动价,2025-11-10,73488.70080798354,73488.70080798354,0.0,0.0,7625.985543333332,2795.6491433333335,48705.114710187416,0.0,33272.36701147333,81977.48172166075
问题4-2_波动价,2025-11-11,74864.14318781893,74864.14318781893,0.0,0.0,4265.268663333334,3248.3239200000003,49385.28550977225,0.0,19885.470850925005,69270.75636069725
问题4-2_波动价,2025-11-12,74736.55907222221,74736.55907222221,0.0,0.0,3049.6756366666673,2633.322350000001,49159.70459700198,0.0,15671.058757468338,64830.76335447032
问题4-2_波动价,2025-11-13,72318.99002654321,72318.99002654321,0.0,0.0,6358.776043333337,2082.6591766666675,48211.31529250563,0.0,27229.68231541501,75440.99760792064
问题4-2_波动价,2025-11-14,35072.6110636214,35072.6110636214,0.0,0.0,4303.982203333333,8441.71785666667,14715.277681212321,0.0,13417.316185076665,28132.593866288986
问题4-2_波动价,2025-11-15,35475.725959876545,35475.725959876545,0.0,0.0,3480.3143766666653,7213.515999999999,15276.891539503305,0.0,11199.457729504997,26476.3492690083
问题4-2_波动价,2025-11-16,74864.11853263373,74864.11853263373,0.0,0.0,6067.062583333333,2223.2922933333343,49668.743166388595,0.0,28365.186077205002,78033.9292435936
问题4-2_波动价,2025-11-17,75923.41658000006,75923.41658000006,0.0,0.0,3908.402789999999,2829.3983700000013,50305.48055316433,0.0,19335.55121019833,69641.03176336265
问题4-2_波动价,2025-11-18,75523.9190804,75523.9190804,0.0,0.0,6023.7914,2477.4908000000005,50470.17353559508,0.0,26857.156222263337,77327.32975785842
问题4-2_波动价,2025-11-19,75476.6189289181,75476.6189289181,0.0,0.0,5138.419760000001,1087.6209533333333,51039.094432079546,0.0,24286.729006210004,75325.82343828955
问题4-2_波动价,2025-11-20,74702.79584189306,74702.79584189306,0.0,0.0,5777.107923333334,1368.6322866666662,49411.79926095814,0.0,26404.288875038335,75816.08813599647
问题4-2_波动价,2025-11-21,35301.4049990535,35301.4049990535,0.0,0.0,3639.9501900000005,6433.317826666666,14771.196907711774,0.0,11158.207621906668,25929.40452961844
问题4-2_波动价,2025-11-22,35337.39753382709,35337.39753382709,0.0,0.0,3342.875083333333,4762.732326666668,14966.98670561271,0.0,10517.806027036666,25484.792732649374
问题4-2_波动价,2025-11-23,76641.46733968107,76641.46733968107,0.0,0.0,4681.876966666667,1895.824733333333,51420.692273636334,0.0,22669.207293463332,74089.89956709967
问题4-2_波动价,2025-11-24,77971.33811316872,77971.33811316872,0.0,0.0,2394.264289999999,1775.6013633333332,52070.12243043745,0.0,11431.305264113329,63501.42769455078
问题4-2_波动价,2025-11-25,76726.5526499111,76726.5526499111,0.0,0.0,5010.833606666665,1375.8500033333337,51071.6632263544,0.0,23067.195731568325,74138.85895792273
问题4-2_波动价,2025-11-26,77236.56632864197,77236.56632864197,0.0,0.0,5364.3183966666675,1567.8574800000001,52125.16901779004,0.0,24364.874961395006,76490.04397918504
问题4-2_波动价,2025-11-27,77677.63816173456,77677.63816173456,0.0,0.0,3810.723276666667,1572.114743333335,52449.023809855054,0.0,18148.715465446672,70597.73927530172
问题4-2_波动价,2025-11-28,35690.370054609055,35690.370054609055,0.0,0.0,2372.8569166666693,3625.3483733333337,14650.266715885979,0.0,7903.800933811673,22554.067649697652
问题4-2_波动价,2025-11-29,35896.44979489712,35896.44979489712,0.0,0.0,6415.01425,3558.8067733333337,14774.903629501536,0.0,20129.888948501666,34904.7925780032
问题4-2_波动价,2025-11-30,78709.09777647983,78709.09777647983,0.0,0.0,7012.576989999999,1277.4030433333342,53611.09970093997,0.0,32653.162126034993,86264.26182697497
问题4-2_波动价,2025-12-01,79043.80783019999,79043.80783019999,0.0,0.0,12004.253159999998,469.36117000000024,56279.49984609377,0.0,60042.568070808324,116322.0679169021
问题4-2_波动价,2025-12-02,78888.40020186295,78888.40020186295,0.0,0.0,14290.423863333332,302.90288,56708.62813603756,0.0,72710.33508175166,129418.96321778922
问题4-2_波动价,2025-12-03,79586.37673466666,79586.37673466666,0.0,0.0,12397.436563333333,550.7686499999998,57373.00095583539,0.0,58865.586557856666,116238.58751369207
问题4-2_波动价,2025-12-04,80130.75534148354,80130.75534148354,0.0,0.0,11360.537609999998,428.39446000000055,57511.21226397634,0.0,55703.96605961999,113215.17832359632
问题4-2_波动价,2025-12-05,36319.206983662545,36319.206983662545,0.0,0.0,9823.582243950616,1256.0259633333333,15966.533057799548,0.0,36937.24363224999,52903.77669004954
问题4-2_波动价,2025-12-06,36588.35765917695,36588.35765917695,0.0,0.0,11691.315233333333,784.8133799999986,16207.071043857195,0.0,40978.47898024333,57185.55002410053
问题4-2_波动价,2025-12-07,81477.81078445184,81477.81078445184,0.0,0.0,10971.05682,362.16787000000033,58750.12735183873,0.0,52429.18548487167,111179.31283671041
问题4-2_波动价,2025-12-08,81310.19227007077,81310.19227007077,0.0,0.0,11492.861036666669,658.8734933333336,58585.189971546715,0.0,56396.308720528345,114981.49869207505
问题4-2_波动价,2025-12-09,82815.06011563785,82815.06011563785,0.0,0.0,9319.783560000002,424.9167233333334,59164.01461911627,0.0,47969.24317913334,107133.25779824962
问题4-2_波动价,2025-12-10,82838.01134666667,82838.01134666667,0.0,0.0,10417.481433333332,622.4668133333338,60319.84293335732,0.0,50366.709770425005,110686.55270378232
问题4-2_波动价,2025-12-11,82725.15787864197,82725.15787864197,0.0,0.0,8146.56644,582.2877366666664,58818.73532204894,0.0,39652.48783898,98471.22316102893
问题4-2_波动价,2025-12-12,37729.285230864196,37729.285230864196,0.0,0.0,10806.54453666667,804.4762733333337,16365.46799499625,0.0,39260.43855308835,55625.906548084604
问题4-2_波动价,2025-12-13,38934.15713510286,38934.15713510286,0.0,0.0,9145.794593333332,568.3543033333335,17458.235274347273,0.0,36813.169849461665,54271.40512380894
问题4-2_波动价,2025-12-14,85532.61661382715,85532.61661382715,0.0,0.0,8411.834066666666,446.5304466666671,62692.65267728046,0.0,41708.19440680166,104400.84708408212
问题4-2_波动价,2025-12-15,86762.34818127571,86762.34818127571,0.0,0.0,7772.774553333332,694.885423333334,63773.602691458844,0.0,38188.44919125166,101962.05188271051
问题4-2_波动价,2025-12-16,87991.16434679012,87991.16434679012,0.0,0.0,6462.060013333332,553.6671599999997,64616.26993475015,0.0,31560.270447758332,96176.54038250848
问题4-2_波动价,2025-12-17,88092.10463666666,88092.10463666666,0.0,0.0,5233.78565,732.3765533333338,64636.49897315698,0.0,25242.891737765,89879.39071092197
问题4-2_波动价,2025-12-18,87087.68698522632,87087.68698522632,0.0,0.0,5467.524873333332,743.5538200000007,63257.98965752265,0.0,28613.764649093326,91871.75430661599
问题4-2_波动价,2025-12-19,41688.03661506173,41688.03661506173,0.0,0.0,5788.144439999996,594.791196666667,18137.77064293455,0.0,21468.782718851657,39606.5533617862
问题4-2_波动价,2025-12-20,44546.51789320987,44546.51789320987,0.0,0.0,3340.4443433333313,952.6138533333342,19351.1821353551,0.0,13597.543007534994,32948.72514289009
问题4-2_波动价,2025-12-21,90006.38357502058,90006.38357502058,0.0,0.0,4554.118133333332,964.7535766666667,66338.9202076084,0.0,21458.144655734992,87797.0648633434
问题4-2_波动价,2025-12-22,91268.21051625513,91268.21051625513,0.0,0.0,2970.5884400000014,854.8774866666663,68213.91958942711,0.0,14424.383561840008,82638.30315126712
问题4-2_波动价,2025-12-23,92055.70210707819,92055.70210707819,0.0,0.0,1581.0720066666634,1750.8227700000004,68441.13882953962,0.0,7006.406715764985,75447.5455453046
问题4-2_波动价,2025-12-24,91839.60184333332,91839.60184333332,0.0,0.0,2303.4594666666667,1728.5019933333324,67411.23531230899,0.0,12422.13529463167,79833.37060694066
问题4-2_波动价,2025-12-25,90359.75567127578,90359.75567127578,0.0,0.0,3476.274293333333,1404.9269433333343,66752.08589641354,0.0,15252.930265751667,82005.01616216521
问题4-2_波动价,2025-12-26,45817.60091345679,45817.60091345679,0.0,0.0,2576.31614,1322.6191833333341,20163.6937721671,0.0,10079.520676201668,30243.214448368766
问题4-2_波动价,2025-12-27,47259.41606711933,47259.41606711933,0.0,0.0,1894.552523333333,1540.71694,20208.56074462841,0.0,7182.905971999999,27391.46671662841
问题4-2_波动价,2025-12-28,92830.89246333332,92830.89246333332,0.0,0.0,1453.5745666666664,2915.21228,68430.79050272364,0.0,6538.031507745,74968.82201046863
问题4-2_波动价,2025-12-29,93614.65669353909,93614.65669353909,0.0,0.0,1056.8707866666664,2486.4999566666665,69077.64306360252,0.0,4392.316978874998,73469.96004247751
问题4-2_波动价,2025-12-30,93737.9676246502,93737.9676246502,0.0,0.0,519.7340299999994,3264.93389,68688.44492931246,0.0,2303.8840567433276,70992.32898605579
问题4-2_波动价,2025-12-31,93238.40311999999,93238.40311999999,0.0,0.0,1954.7626133333324,1986.7427999999993,68963.02669077566,0.0,10293.896570436658,79256.92326121232
问题4-3_波动价,2025-01-01,77811.25830456789,90759.73666646368,12948.478361895792,0.0,7679.338976863837,1907.5912222078555,56629.02874316078,19190.318272317152,35046.65631820025,110866.00333367818
问题4-3_波动价,2025-01-02,98654.95557345678,97231.84015793836,822.7790566207141,2245.8944721391235,2060.421738107438,1783.7414167717184,75717.5149083839,26.792876276364268,9081.643367268183,84825.95115192846
问题4-3_波动价,2025-01-03,96083.77081385459,69343.14136260544,0.0,26740.629451249144,3094.224813695858,22778.884700334012,56714.49147812344,-10262.66071458699,15044.983733328701,61496.814496865154
问题4-3_波动价,2025-01-04,93061.71267335389,69057.18614960749,0.0,24004.526523746415,3854.190239770797,23741.56588845119,53330.51879621804,-8953.849365225924,18280.55029509798,62657.2197260901
问题4-3_波动价,2025-01-05,71900.04846512551,85381.14244226331,13481.093977137805,0.0,12321.419670108102,2067.7949778472075,49890.79581024946,20176.51948995658,61125.467133968996,131192.78243417505
问题4-3_波动价,2025-01-06,93751.40078899176,95193.29343564295,1647.6603842438203,205.76773759263494,1731.184822832509,1504.7582502563132,71151.66921296208,2679.1788671234817,6957.415069791921,80788.26314987749
问题4-3_波动价,2025-01-07,92238.5466441358,97657.06932576394,5418.522681628141,0.0,1593.6131807590432,1794.7846226681079,69492.86682988293,8040.952252828937,7014.273631875446,84548.09271458731
问题4-3_波动价,2025-01-08,100269.75148333333,93849.76464880168,82.0067322652327,6501.993566796883,1852.9589790218245,1564.3233956992608,76250.97668607638,-2802.7100890756083,7567.743637413618,81016.0102344144
问题4-3_波动价,2025-01-09,93670.80317794923,94845.37220982833,1541.7976706260933,367.2286387470026,2409.445915211773,1297.9864924481953,70128.23402764738,2171.852709137054,10272.100424348819,82572.18716113325
问题4-3_波动价,2025-01-10,99938.37890500686,68142.62414490864,0.0,31795.754760098218,3562.6652628841593,21839.832110687665,58232.15388612032,-12040.574622787692,17125.377451316945,63316.956714649576
问题4-3_波动价,2025-01-11,93297.14450041151,66780.23342032947,0.0,26516.911080082034,4419.347443280778,22080.8647521325,53889.73951594299,-9852.552185253346,20519.013663478745,64556.20099416839
问题4-3_波动价,2025-01-12,94909.75313333332,96791.55595583927,3013.7308756266125,1131.928053120664,1778.5570965792474,2869.8545627365775,71836.45673555249,4268.535147522301,6890.75025194521,82995.74213502
问题4-3_波动价,2025-01-13,95292.12930781892,94336.68152043741,227.6269818546433,1183.0747692361604,1756.0895851179957,2889.5543644906224,71551.44091516845,-271.0775737668394,7087.312601158398,78367.67594256002
问题4-3_波动价,2025-01-14,93503.4753622428,93466.12192328079,335.1550908062252,372.508529768226,2026.180748007712,1451.9206232574456,69807.84100766091,382.40878601049207,8015.075890069252,78205.32568374065
问题4-3_波动价,2025-01-15,90260.67262853222,94673.56636585365,4412.893737321428,0.0,1663.4989181046656,1404.7282116268686,67147.5166540947,6325.252716404126,7924.834946662445,81397.60431716127
问题4-3_波动价,2025-01-16,89886.89710819615,92375.62367447047,2527.811305192929,39.084738918622065,2429.93429144741,1093.9305946808224,66133.34181573338,3761.5087264626673,11465.555499073005,81360.40604126905
问题4-3_波动价,2025-01-17,92627.89709612481,66845.98508407138,0.0,25781.91201205344,4151.7948471482,24059.09382857472,52949.66601308728,-9563.806305976059,20016.065578632693,63401.925285743906
问题4-3_波动价,2025-01-18,95794.44749159807,66457.62499631789,0.0,29336.82249528018,4196.167580179371,23218.30271447082,54945.925730700976,-10687.409700078895,18883.383798270235,63141.89982889232
问题4-3_波动价,2025-01-19,88874.27634242112,93415.36879269274,4557.0114943551835,15.91904408356038,1528.7464414835715,1383.8764687385806,65608.33892260357,6475.4835172744115,6812.395561514435,78896.21800139241
问题4-3_波动价,2025-01-20,89264.2992,91474.32696526065,2298.0952504006164,88.06748513995421,2047.6758768469158,860.0565386813817,65935.06640163917,3177.190608264671,9454.78365273449,78567.04066263832
问题4-3_波动价,2025-01-21,89534.00520082304,88828.09220725387,263.86239846875446,969.7753920379191,1284.996309644539,2176.2156832025034,64839.43346730265,4.963816605049185,5206.13536305044,70050.53264695815
问题4-3_波动价,2025-01-22,95159.95660987654,94804.9320367519,512.6693495700665,867.6939226947063,1326.3278182222173,2250.077795880996,70609.19751377469,472.18723637217386,6045.373071527374,77126.75782167423
问题4-3_波动价,2025-01-23,91904.93683333333,94436.00902629756,2632.836024136469,101.76383117224145,1540.8250749294355,1701.8393839863065,68573.11211272916,4306.096550102347,6881.5285830639605,79760.73724589546
问题4-3_波动价,2025-01-24,42830.58999804527,43783.83486190878,1441.334544438784,488.08968057527164,1741.4877636558665,1669.7580699382906,18778.679998461244,667.6311572200387,6403.187659267362,25849.49881494864
问题4-3_波动价,2025-01-25,42295.80461388888,44270.19436717057,2573.0062218647886,598.6164685830994,1089.1825823981094,2851.141107905695,18259.904607438886,1385.817841940802,4544.6295010808535,24190.351950460543
问题4-3_波动价,2025-01-26,98156.97635401234,94385.08142264203,86.20810014140307,3858.1030315117077,924.6667286475522,2847.8840084478015,73707.95704474453,-1560.7904798620305,3899.708186490852,76046.87475137335
问题4-3_波动价,2025-01-27,87242.63318333332,89004.14610732274,1938.3557648767342,176.8428408873167,1581.1853164564952,2004.8977957477696,62793.48194874805,2711.65198075701,7239.470171620639,72744.6041011257
问题4-3_波动价,2025-01-28,93290.33371666666,91689.55775033333,281.3089142390541,1882.0848805723776,1641.1073787729044,1612.1777293527987,67555.39262177194,-242.54513317163224,7354.606109919856,74667.45359852017
问题4-3_波动价,2025-01-29,86055.7130648491,86714.0927268939,1502.6829085292695,844.3032464844763,1475.0329050323357,2437.6238774954945,60452.725923248734,1699.6432295445186,7109.078403984761,69261.44755677802
问题4-3_波动价,2025-01-30,86757.00848405348,89944.02196750596,3391.9311523342603,204.91766888178825,917.017971000219,2471.287197562003,62080.42321915006,4240.61817455702,4632.616392615132,70953.65778632222
问题4-3_波动价,2025-01-31,41842.900572839506,43888.58497615374,2077.5934048842364,31.909001570003625,1293.379301423162,2481.1380529138523,18016.160869366016,1336.6692388540332,4851.567205726093,24204.39731394614
问题4-3_波动价,2025-02-01,43433.48324394616,41438.609738444466,0.0,1994.8735055016955,1032.9547109083787,4355.569356494661,18341.891959843517,-625.4382647189751,3945.5526899040256,21662.006385028566
问题4-3_波动价,2025-02-02,89468.80018333333,85471.01059417594,0.0,3997.7895891573826,668.873878005331,3305.6194961072424,61880.48751399749,-1751.7213726362766,3398.298201436993,63527.06434279821
问题4-3_波动价,2025-02-03,91443.772925,85515.1011028474,0.0,5928.671822152598,1504.4951699569242,2605.050810516163,64842.997889550825,-2672.315607378927,7189.699366300456,69360.38164847236
问题4-3_波动价,2025-02-04,94191.17336666666,88099.93843913081,0.0,6091.2349275358465,1283.4857593919123,3641.706893319777,67256.64717062277,-2777.5888999912327,6102.064060350041,70581.12233098158
问题4-3_波动价,2025-02-05,89188.08623593963,88264.71282334453,685.5557969563758,1608.9292095514797,576.3876333428587,3587.30704729591,62877.5308478016,-17.58986489950207,3060.4414191263263,65920.38240202842
问题4-3_波动价,2025-02-06,94982.21221666667,86961.95461528657,0.0,8020.25760138009,932.9065018213522,3294.073112899699,67710.12347335722,-3645.075867764638,4722.51823488297,68787.56584047555
问题4-3_波动价,2025-02-07,45223.744109190666,40461.67318381387,0.0,4762.070925376794,725.7511491885452,5232.645505031966,18536.920628296433,-1093.2385424215788,3270.5292369682447,20714.211322843097
问题4-3_波动价,2025-02-08,38812.88709681069,38614.33429573063,0.0,198.55280108006875,992.7457777202801,4173.397245787498,15682.960192435461,-53.94704015867604,4014.303428106234,19643.31658038302
问题4-3_波动价,2025-02-09,90128.62948978052,87503.6099374586,121.65181734958446,2746.6713696714874,668.2742590702823,4406.9213596674435,63231.86784747755,-1153.5863284032077,3549.2923788090475,65627.57389788338
问题4-3_波动价,2025-02-10,85854.6598,80703.98622769407,0.0,5150.6735723059155,958.8647822338731,2899.562383638526,57888.9558329986,-2267.661240438653,4643.011245956436,60264.30583851639
问题4-3_波动价,2025-02-11,86986.37195195473,80157.38668610947,0.0,6828.985265845248,1465.4996658018258,2086.966051374757,59377.49306538201,-3050.502909454498,7495.134515014624,63822.12467094213
问题4-3_波动价,2025-02-12,87393.074975,80517.23160881747,0.0,6875.843366182517,1390.44231935665,2234.2940283137286,59276.21753228805,-2938.831326180963,7211.331658901766,63548.71786500885
问题4-3_波动价,2025-02-13,82303.53904098079,77858.40084197331,0.0,4445.138199007485,832.0354142281569,3014.3886938684445,54409.97009097152,-1853.9300601915959,4368.806789100264,56924.846819880186
问题4-3_波动价,2025-02-14,38636.49493010974,38738.394627583526,274.6624014959395,172.76270402215067,820.2131597387033,6074.265206632635,15443.869936568855,231.77771109241007,3333.121805446926,19008.76945310819
问题4-3_波动价,2025-02-15,39417.18762901235,37757.812278536636,0.0,1659.3753504757078,1258.345908681676,6063.79874696041,16446.500407348147,-454.6782492419194,4628.009020184125,20619.831178290355
问题4-3_波动价,2025-02-16,87920.62996460905,79517.00769622484,0.0,8403.622268384199,2012.321977530752,1846.5119674543694,59923.20125726479,-3609.2713153304635,9637.25129100525,65951.18123293958
问题4-3_波动价,2025-02-17,87702.53990514403,76540.53466092498,0.0,11162.005244219052,1597.746791479493,2651.232915984794,58946.25414435505,-4497.495469700056,7627.728329546532,62076.487004201525
问题4-3_波动价,2025-02-18,78537.43223912448,79087.81248905831,606.5820193577185,56.20176942389094,1255.185882494566,3854.7554603505623,51343.35051460689,586.8021536105315,5948.143031831594,57878.29570004902
问题4-3_波动价,2025-02-19,79455.19193806584,77976.96298858961,180.867723061118,1659.09667253734,1661.7867512049854,2099.966223013097,52005.53898189645,-631.4216297712325,7838.245399531238,59212.36275165645
问题4-3_波动价,2025-02-20,82564.75589999999,77436.6514503916,0.0,5128.104449608398,1017.6453560018814,3175.112940448737,54789.87328072305,-2076.398253063897,5133.4569473571755,57846.93197501633
问题4-3_波动价,2025-02-21,36595.18637777778,36203.61391561597,0.0,391.57246216181636,980.9874122646551,7929.675582365277,14789.717489539722,-134.77203349105605,3626.874020286782,18281.819476335448
问题4-3_波动价,2025-02-22,36477.87909002057,35953.67709423634,0.0,524.2019957842374,1041.2028782652737,5714.143838808749,15166.575797942929,-167.11006588269302,4252.600826334879,19252.066558395116
问题4-3_波动价,2025-02-23,80722.53034788888,76512.96349051483,57.190876631828814,4266.757734005889,1779.2872847826045,2501.305352177295,53101.22914352005,-1722.4040785226182,7853.722570577515,59232.54763557495
问题4-3_波动价,2025-02-24,77643.50720277778,75491.25939882542,0.0,2152.2478039523494,1123.631404471333,4316.849670654214,51130.728777640834,-974.0863562207826,5937.097866369119,56093.74028778917
问题4-3_波动价,2025-02-25,79814.69675133744,71314.21498163795,0.0,8500.481769699494,1532.5444135297034,2975.027297857765,51576.76712705911,-3296.245614912788,7100.551677590439,55381.07318973676
问题4-3_波动价,2025-02-26,73754.57634053497,74290.7262346313,909.675825939939,373.5259318436166,1305.9129266872003,2482.561560009108,47294.628541375896,780.6249704919724,6542.488213718903,54617.74172558677
问题4-3_波动价,2025-02-27,75225.79106543209,73003.3479708346,0.0,2222.4430945974887,1193.1052728818381,2903.2207723442516,47575.945448480634,-832.0642689208333,6281.735899494433,53025.61707905424
问题4-3_波动价,2025-02-28,35302.56437777779,34599.36448229674,0.0,703.1998954810458,986.4744161516035,8647.789762698245,13916.931430440554,-254.0738104908305,3779.271445816894,17442.129065766618
问题4-3_波动价,2025-03-01,39478.04154046399,36558.512831105036,0.0,2919.528709358965,876.03472472044,10308.008399478898,15508.686498289107,-630.3464787033039,3564.0692003299655,18442.409219915768
问题4-3_波动价,2025-03-02,83680.33483755143,79992.87410693402,0.0,3687.460730617422,1427.4199513107637,4355.500331962335,54846.006601904985,-1605.4828953368662,7184.701299532686,60425.22500610081
问题4-3_波动价,2025-03-03,85810.82590596707,77355.45183725252,178.04589456888255,8633.419963283428,1917.1117380930527,2832.263257656062,56494.197633513904,-3176.5705602642893,9305.260387907045,62622.88746115666
问题4-3_波动价,2025-03-04,76566.96822352537,75031.39005221358,0.0,1535.578171311789,2015.4519110556876,3435.91404843707,49299.38454313329,-741.188746480487,9149.834392391698,57708.0301890445
问题4-3_波动价,2025-03-05,80363.70115833332,71627.59908068934,0.0,8736.102077643985,2085.7836375326683,3402.317474878777,50939.49211842416,-3398.2872359740118,9764.602353874254,57305.80723632441
问题4-3_波动价,2025-03-06,75776.71071293621,72436.85844542288,0.0,3339.852267513325,1264.791790575086,3493.1038314749417,47813.793050215085,-1358.679669159379,5982.90213551839,52438.0155165741
问题4-3_波动价,2025-03-07,35534.7449638203,33624.69522518233,0.0,1910.0497386379704,2125.740769556382,11535.985217226551,14092.894966004735,-610.8113911398226,6754.072780783949,20236.15635564886
问题4-3_波动价,2025-03-08,34044.39471131686,33662.40384006978,125.94721611849815,507.938087365579,608.6770143204608,11562.191860036346,13217.7643350988,-52.88701548954722,2181.4429905065504,15346.320310115803
问题4-3_波动价,2025-03-09,78616.00982636213,69084.00752742795,0.0,9532.002298934185,1308.4488453662052,2852.541306510038,48838.17641889948,-3275.9333036116923,6125.8385979055165,51688.0817131933
问题4-3_波动价,2025-03-10,75633.42939660905,73408.69852407488,0.0,2224.7308725341663,1975.75870766582,3075.0813542636224,48328.42362085138,-901.1074272242403,8371.716831033718,55799.03302466086
问题4-3_波动价,2025-03-11,66802.9191754801,70198.54595149036,3500.1349003144005,104.50812430414737,1530.8517299527198,3543.890638366659,41477.63919609848,3219.7043730469213,7214.275773685468,51911.61934283087
问题4-3_波动价,2025-03-12,76531.02301591769,67587.49944686207,0.0,8943.523569055622,1459.734171767338,2509.7810098900145,47573.77608513217,-3170.3729224082904,6581.951069050994,50985.35423177487
问题4-3_波动价,2025-03-13,76636.5388743827,73560.36537381167,0.0,3076.173500571031,1355.8468748222383,3256.3242136688846,48719.017108502645,-1308.1077117952946,6671.5814829828305,54082.49087969019
问题4-3_波动价,2025-03-14,33358.43674444446,33394.87048147577,94.92355919130421,58.489822159987966,1058.4219604800674,14645.76753816593,12288.5496300875,68.9195385800376,3679.290825927158,16036.759994594695
问题4-3_波动价,2025-03-15,32223.68170414952,32358.946729882005,149.46181765305255,14.19679192056725,1067.5866920636688,9167.30236225203,12506.192431082667,187.25676286880815,3956.9744679399605,16650.423661891436
问题4-3_波动价,2025-03-16,72396.42771443757,69071.97828236749,0.0,3324.449432070085,1384.251225263884,3044.5009544267646,45236.308036101254,-1343.6358157646248,6005.771546726292,49898.44376706292
问题4-3_波动价,2025-03-17,68341.21104492455,62251.809388924936,159.05559788495555,6248.457253884569,2033.6894169896564,2371.1408577666693,40420.23751963658,-1325.9440040511768,8796.098983862474,47890.39249944789
问题4-3_波动价,2025-03-18,76656.59648127572,67432.50108866951,0.0,9224.0953926062,1070.9659940877043,3277.536529492654,47666.980663843526,-3458.005796049647,5108.369099864265,49317.34396765815
问题4-3_波动价,2025-03-19,63524.97175408093,65398.8806659202,1903.2727131404727,29.363801301195053,1465.4127103537633,3172.0430984748987,38485.64057012437,1495.3989809433663,6012.797044726191,45993.83659579393
问题4-3_波动价,2025-03-20,71771.22844705074,65488.71321003764,0.0,6282.515237013101,2761.1965599417676,1944.6664512668622,44179.15101471723,-2220.6778278575057,11778.663877335073,53737.1370641948
问题4-3_波动价,2025-03-21,31281.673462962965,30673.578610453995,0.0,608.0948525089666,1413.0714723770802,16602.59738996876,11692.297165610371,-206.9794790778636,5192.819325580671,16678.13701211318
问题4-3_波动价,2025-03-22,31975.084970781892,31305.02418808214,0.0,670.0607826997485,1324.3814364850894,13242.325808373489,12195.606971165178,-226.07413807237123,3776.744725023191,15746.277558115997
问题4-3_波动价,2025-03-23,72499.19880096022,65539.67354053058,33.04693291372428,6992.57219334336,1013.880475347275,3723.55979877468,43988.874500669626,-2445.20044171359,4830.787914974854,46374.46197393089
问题4-3_波动价,2025-03-24,68357.92956995884,63742.149021871155,232.49926139334218,4848.279809481025,1331.7792194440024,2924.1639506865945,40953.18417337865,-1126.9695998812297,5322.402592502659,45148.61716600008
问题4-3_波动价,2025-03-25,75678.83492342249,65418.98171507349,134.23094186724768,10394.084150216248,1530.5121076416585,1927.2217858077036,46211.36362844131,-3304.046260167818,6525.609872819795,49432.92724109328
问题4-3_波动价,2025-03-26,65334.27009262688,61730.823653086,443.2521136398844,4046.698553180766,1050.8319780272534,3118.640342196348,39231.18679401289,-769.7258367360286,4242.334716502266,42703.795673779125
问题4-3_波动价,2025-03-27,69264.97183906035,63039.15007323983,0.0,6225.821765820523,1896.5066643349523,2139.58998280941,41593.19798921653,-2089.3792587011367,8134.27051730876,47638.08924782416
问题4-3_波动价,2025-03-28,31227.60798545953,30547.690816665734,0.0,679.9171687937959,1205.0680164405765,17559.82105918646,11685.659863338376,-243.0930990662117,4558.724024283337,16001.290788555501
问题4-3_波动价,2025-03-29,29325.52409804528,29523.779323525356,198.25522548007712,0.0,996.3752609603828,19577.667434781637,10971.27605193822,205.40930894971592,3620.9072984264144,14797.59265931435
问题4-3_波动价,2025-03-30,67221.4133355967,58772.51791837115,1.1140915962640747,8450.009508821813,2284.7035994728785,1651.4855100192403,39029.68105707469,-2410.6848338807195,9851.330709272774,46470.32693246674
问题4-3_波动价,2025-03-31,58351.111118552806,61353.06279035488,3033.38344853686,31.431776734788627,1660.0947095343931,1964.1064767047208,34857.279488558925,2139.198319144005,7217.136877412703,44213.61468511564
问题4-3_波动价,2025-04-01,71022.88996934156,65388.98036397747,59.975196471072195,5693.884801835169,1337.3445987719383,2683.457394294666,43159.228129973744,-1744.142005855865,6027.512522722237,47442.59864684012
问题4-3_波动价,2025-04-02,67601.84904166666,66170.71117677531,0.09367231114379138,1431.231537202501,1341.8949018667486,3030.885324610202,40507.89190710333,-446.226366314631,6242.268375390008,46303.93391617871
问题4-3_波动价,2025-04-03,68838.91066680384,61751.33337218323,12.712011568990306,7100.289306189599,1151.8952259825987,2660.524876068781,41679.48958002024,-2364.9619056523757,4646.36939964202,43960.89707400989
问题4-3_波动价,2025-04-04,28324.85557777779,28127.99676865437,0.0,196.85880912342262,716.8264485832416,19420.3025164754,10583.908005168334,-76.59068242486939,2704.341384085215,13211.65870682868
问题4-3_波动价,2025-04-05,27707.404625,27757.51032962755,240.04488932744843,189.9391846998973,2983.8836482906268,15560.429611359104,10568.742979169447,151.13739995028425,9559.801361825823,20279.681740945554
问题4-3_波动价,2025-04-06,64260.04281358024,59888.68428661014,446.65506903184655,4818.013596001947,1083.0453637384946,2484.6618028175367,37661.06871625067,-703.77834701185,4818.909887026711,41776.20025626554
问题4-3_波动价,2025-04-07,56366.285266666666,56989.43835510832,1012.2843014528461,389.1312130111914,1650.676452654299,1539.6459543191672,33045.41661928667,957.1109553454045,7307.029618611008,41309.55719324308
问题4-3_波动价,2025-04-08,65206.35406625514,58874.501222881,97.00576600809086,6428.858609382226,1753.5444311217461,2220.968968528215,38328.24328966687,-1716.8010930706657,7778.206188237774,44389.64838483398
问题4-3_波动价,2025-04-09,63683.91988580247,64138.46057571807,840.5761046152809,386.03541469967877,1343.749373063391,2249.6467684659387,37676.9506045346,549.9678394043291,5743.302716073781,43970.22116001271
问题4-3_波动价,2025-04-10,61863.56506244856,59579.524246346955,377.815578854024,2661.8563949556237,1798.0783569105672,2865.895163338083,36880.9696245368,-811.9304953600175,8291.451394078938,44360.49052325572
问题4-3_波动价,2025-04-11,26711.178925000015,27155.00410830996,446.84344227627827,3.01825896633369,1723.9872164058606,20205.09855306248,9725.75750985889,398.9188700852385,5510.7826641391985,15635.459044083325
问题4-3_波动价,2025-04-12,28235.202460493845,27600.191734730986,0.0,635.0107257628601,1163.0096680945844,16127.618519554122,10314.079554324513,-193.65443992037598,3748.4672026868225,13868.89231709096
问题4-3_波动价,2025-04-13,58953.72409259259,58273.504638484934,447.6364818373653,1127.8559359450205,1738.2495971845146,1657.6448162596917,34694.70097928203,124.55117754805943,7415.33175841938,42234.583915249474
问题4-3_波动价,2025-04-14,62280.90078333333,54756.523602607806,0.0,7524.377180725523,3052.1554407831127,1274.2690133878127,36567.358466874844,-2423.2055361450334,11977.528621691494,46121.6815524213
问题4-3_波动价,2025-04-15,53854.24256666666,54625.593525314966,1054.0070035369133,282.6560448886115,1791.8813038154242,2227.411173155751,30998.910519675,1108.519946174021,7904.429566878893,40011.86003272791
问题4-3_波动价,2025-04-16,60359.03887938959,58876.2787171464,799.8684704418486,2282.6286326850395,2067.3828692809575,1354.9280888187157,35164.82026173201,362.1891083846898,8656.321263608414,44183.33063372512
问题4-3_波动价,2025-04-17,53703.69840826475,56448.683126665164,2870.858531936757,125.87381353633793,1958.7067733482886,1809.4759652990588,32003.285570706175,2085.8792227985605,8994.945676420977,43084.11046992571
问题4-3_波动价,2025-04-18,26410.52745833335,26053.861983596606,174.60111112028983,531.2665858570333,2124.9750863741046,18626.386553304026,9694.67369923361,-31.62500547612399,7102.978054237878,16766.026747995365
问题4-3_波动价,2025-04-19,26070.32960833335,26090.955739937337,392.4744106616122,371.84827905762364,1322.8085107899037,17603.961483736726,9484.534160286945,222.88915092243465,4535.513771360424,14242.937082569802
问题4-3_波动价,2025-04-20,55075.162456721526,56241.837042700674,1725.0992245994012,558.4246386202569,1718.5449086552799,2022.520155181998,32484.529503197475,1188.014248448995,6916.50628749275,40589.05003913922
问题4-3_波动价,2025-04-21,58367.92252527434,53370.429998504114,0.0,4997.492526770226,2188.5591117735266,3434.661902698497,33446.50825674949,-1246.3265886661284,8803.30068274163,41003.482350825
问题4-3_波动价,2025-04-22,52946.76926666666,55411.74576911722,2652.00763210819,187.03112965763586,2385.294482607253,1856.7087111962096,31092.503964683612,2180.483758508802,9923.320101975076,43196.30782516749
问题4-3_波动价,2025-04-23,50741.16998484224,55948.73240507517,5289.653466883309,82.09104665038069,1548.5413098239221,2373.578085853304,30026.359523464656,4221.698739644285,5919.918391479908,40167.97665458885
问题4-3_波动价,2025-04-24,51799.451464951984,54413.94407648171,2681.842440692926,67.34982916320087,1643.3898189860056,5402.35213641633,30459.229634880507,2169.044528074246,6703.338284914486,39331.612447869236
问题4-3_波动价,2025-04-25,25891.071849279855,25729.165331668937,284.4728080075074,446.3793256184256,1057.6963709519648,21397.7009227714,9096.18051849181,79.12539969625803,3402.547612878365,12577.853531066434
问题4-3_波动价,2025-04-26,25877.80916656378,25808.659426742597,319.04932734848364,388.1990671696691,1409.915348311649,23656.461675157127,9349.50766855559,140.0467195092596,4994.060495416872,14483.614883481721
问题4-3_波动价,2025-04-27,50624.48276217421,53751.14206265074,3126.659300476527,0.0,1925.9819765076518,3386.921226984183,29687.394351377363,2651.5821504613987,7856.942101613752,40195.91860345251
问题4-3_波动价,2025-04-28,60718.378839197525,60960.44942309229,1972.3051714608648,1730.2345875661065,1385.6958824336991,2125.0683799103917,35517.06362152731,1372.4483940267228,6167.59033011054,43057.10234566458
问题4-3_波动价,2025-04-29,51124.32439729081,51688.14416781206,1894.1650971455117,1330.3453266242618,1405.203942860328,2083.2764710877195,29571.425444997276,1888.4344099893885,6229.098136081244,37688.95799106791
问题4-3_波动价,2025-04-30,49022.380472839504,49474.67686614803,677.7152377474943,225.41884443896515,3212.4831077043314,1172.742784344829,29022.336650082252,580.2159284665057,12168.242297942166,41770.79487649092
问题4-3_波动价,2025-05-01,51582.386549519884,55103.30577471888,3520.9192251989944,0.0,3758.2863208258045,3853.364772834826,31024.551058167213,3496.9230828913423,16758.103456584828,51279.57759764338
问题4-3_波动价,2025-05-02,26810.871280555573,27535.38880604351,845.8529280065688,121.33540251863297,2701.794361558998,12590.196417602485,10375.483074318337,803.5216119770881,9661.569533856271,20840.5742201517
问题4-3_波动价,2025-05-03,26089.54445000002,26999.858033850873,910.3135838508526,0.0,2429.828605500837,17224.589073283983,9689.955995936672,925.805888875878,9569.386455847069,20185.14834065962
问题4-3_波动价,2025-05-04,54827.567836042515,53342.10494133952,1003.4189813857345,2488.881876088732,5075.3594660756335,3336.4033188352196,32822.25179004814,758.7682237128894,20235.605610091257,53816.62562385229
问题4-3_波动价,2025-05-05,56395.93495185184,57139.29954906238,895.8525625334165,152.48796532288316,3449.3046756532913,1451.7672874338737,33901.46204606731,1226.109568616408,15132.363064919691,50259.934679603415
问题4-3_波动价,2025-05-06,49438.832983333356,53947.8815839397,4509.048600606344,0.0,3901.757026402015,1305.574969698038,30249.436396250836,4819.2943055214655,16355.276086178437,51424.00678795074
问题4-3_波动价,2025-05-07,52081.97238549382,57014.31937078111,4932.346985287284,0.0,3152.4922423596354,1444.9208914489748,31988.64201131114,4411.919470514113,14182.411550356199,50582.97303218145
问题4-3_波动价,2025-05-08,57374.24058477365,57214.30751129198,1295.8239963203591,1455.7570698020309,3625.5765941071804,1486.6084891213259,33413.2531037172,1378.9680881822171,16629.71678170196,51421.93797360138
问题4-3_波动价,2025-05-09,25082.65293200002,26762.13473532614,1679.4818033261213,0.0,2696.822643212518,17761.238195205307,9234.759526006581,1699.7740085812186,9362.067049800675,20296.600584388474
问题4-3_波动价,2025-05-10,25307.268474211247,26306.726530662527,999.4580564512798,0.0,3119.62450642339,14075.97981668077,9514.66398938463,1012.1121204048609,11273.611322740564,21800.387432530053
问题4-3_波动价,2025-05-11,55051.10714135803,55934.78846608696,1729.127690352138,845.4463656232007,3881.1541247525324,797.1473457924801,32204.226526882194,2287.5215668165415,17057.75994980931,51549.508043508045
问题4-3_波动价,2025-05-12,47335.51419691358,54021.83529294112,6686.321096027543,0.0,2679.051544191218,1547.93069802662,28700.451063280776,6606.906908813799,12064.299204924193,47371.657177018766
问题4-3_波动价,2025-05-13,57443.95222263374,55115.134168526834,2247.11844540538,4575.936499512287,3142.553002604,1534.3390323312494,32883.6872125406,1956.58226688561,14586.027063675736,49426.29654310195
问题4-3_波动价,2025-05-14,54484.87395658436,55270.83104442336,2620.4465569609865,1834.489469121988,3011.1818621508783,1800.871397731403,32289.84953249491,1835.484242238102,13607.269286374643,47732.60306110766
问题4-3_波动价,2025-05-15,53504.929041769545,55268.02662861418,2761.694389467028,998.596802622398,2769.6835895403456,1401.0558201092558,32906.34343061663,1999.1946221419958,11722.807742078181,46628.34579483681
问题4-3_波动价,2025-05-16,24902.575900000025,25510.894317754784,924.0445653255045,315.72614757074416,2716.76376069721,22311.88042875217,9327.91260330223,806.2806537749813,9269.442377512649,19403.63563458986
问题4-3_波动价,2025-05-17,24831.330991666688,25916.186821097188,1133.660949662629,48.80512023213049,3088.937952928615,15199.659024025781,9315.867848253896,1126.959033957967,11543.455098168039,21986.2819803799
问题4-3_波动价,2025-05-18,58129.474574348416,56396.62995891263,453.9693178890143,2186.813933324798,3045.7968850713014,2255.225029786359,33816.29907203904,36.009298554986785,12670.188414178,46522.496784772025
问题4-3_波动价,2025-05-19,51660.550312037034,50672.43219991925,1275.3309300313108,2263.4490421490973,2485.3184187035768,2189.089769309648,30059.250180837873,1316.4052794914787,12165.202650051404,43540.85811038076
问题4-3_波动价,2025-05-20,51536.79227500002,55987.59888685508,4509.325396638777,58.51878478372112,3481.8376811221597,1158.0733682972214,29974.820759235838,3783.509634718849,16133.705703534306,49892.03609748899
问题4-3_波动价,2025-05-21,47987.01867011113,53977.03706501507,5998.647480320607,8.629085416666726,2962.418626437867,2095.443923835867,29284.293177647938,5142.960094707725,13447.879364179104,47875.13263653476
问题4-3_波动价,2025-05-22,51214.965561831275,52787.06916545516,1572.103603623886,0.0,3056.5583497892694,1683.219102479203,30904.264483779843,1066.4906121406743,13574.475479874625,45545.23057579514
问题4-3_波动价,2025-05-23,24905.55119986285,25996.06134103022,1090.5101411673709,0.0,1929.882863758813,18013.26367992618,8904.785481932717,1030.4360414915675,7608.663322603828,17543.88484602811
问题4-3_波动价,2025-05-24,24865.33654666669,24760.462965606614,215.0425582757592,319.9161393358379,2506.508590442346,20317.63868444756,9409.276970047651,69.5456514628227,10132.501653485455,19611.324274995928
问题4-3_波动价,2025-05-25,52094.591076646095,52948.082224291735,1791.2998967498656,937.8087491042203,2696.940487755131,3693.5125108539855,30441.597013307473,1817.9026048555897,12479.641659934789,44739.14127809785
问题4-3_波动价,2025-05-26,50204.542256333356,58906.68652234573,8772.720570848547,70.57630483617407,2354.831715665167,2999.471249233863,29788.167598761913,7608.211940273899,10737.442467462892,48133.8220064987
问题4-3_波动价,2025-05-27,48191.78004836113,52071.676750360355,3998.60871868868,118.71201668945889,3345.497158481441,2352.204942058099,28956.524805989746,2786.2122839201647,15711.657815400153,47454.39490531006
问题4-3_波动价,2025-05-28,55121.510084465015,56191.91993769102,1131.4227289071432,61.012875681138894,2059.293154812538,2219.50129057974,32150.057073487787,1500.2121854936397,8937.02502876912,42587.29428775055
问题4-3_波动价,2025-05-29,54069.679889917694,58675.31176924384,4605.631879326147,0.0,2320.159092242934,3124.0109093665465,31860.26630963674,4288.960327307105,10357.337257368406,46506.563894312254
问题4-3_波动价,2025-05-30,25400.15111944447,26163.726456532542,763.5753370880767,0.0,2056.561717950019,18425.721574482537,9872.434816083618,756.9365362618496,6373.445332556413,17002.816684901878
问题4-3_波动价,2025-05-31,27914.53882613171,26775.258589854002,0.0,1139.2802362777074,2205.880315593673,16734.05837712898,9987.26723990773,-351.4612153181188,8463.010205475206,18098.816230064815
问题4-3_波动价,2025-06-01,69299.08170178326,69232.53035911937,2257.804039960308,2324.355382624193,7543.8957037520695,1858.945025865677,45696.585076536714,2620.7340831576053,31543.191817047784,79860.5109767421
问题4-3_波动价,2025-06-02,71078.64086896605,65715.32696213572,2839.868401413274,8203.182308243602,7585.034117247169,571.6076821283098,46051.760483114784,1688.4102862543384,30779.973452689064,78520.14422205818
问题4-3_波动价,2025-06-03,64802.664042352524,68748.30874284565,4374.58834073052,428.94364023739297,6285.930312105047,2700.881551700158,41234.52732701117,6194.714693938741,24901.706160861726,72330.94818181163
问题4-3_波动价,2025-06-04,75485.79334005488,68837.22570173375,2280.4544959251893,8929.02213424632,6340.000369368986,1280.7279454325787,49413.3155845133,331.6073736978224,24697.91575625171,74442.83871446284
问题4-3_波动价,2025-06-05,64778.43759437585,69786.05681593416,5552.234757476963,544.6155359186554,7151.028494282031,1653.7233690921935,41448.344751685974,7737.762563436318,28260.495939122677,77446.60325424497
问题4-3_波动价,2025-06-06,28985.77565555558,32363.098649602096,3377.3229940465153,0.0,7520.798859270839,5711.827588216632,13118.366060213344,4237.614591032982,24067.872819675464,41423.85347092179
问题4-3_波动价,2025-06-07,30322.800344777803,34636.9072363932,4853.046455504285,538.9395638888888,5814.114996389553,6228.444295774243,13071.432287058298,5150.697485750459,18021.410249341985,36243.540022150744
问题4-3_波动价,2025-06-08,62816.55664368998,64070.210403931356,4310.189343170435,3056.5355829290597,6148.842977528348,1399.809658926927,39901.77165198551,5341.4713350855145,23739.334364295595,68982.57735136662
问题4-3_波动价,2025-06-09,71438.4701195504,70081.26030838263,2495.3318397583334,3852.5416509261186,6057.004741691429,1336.4223825199117,47390.80915415436,2471.1064734195716,24967.97085869162,74829.88648626556
问题4-3_波动价,2025-06-10,65616.77674694787,70837.31517658537,5402.912828007318,182.37439836982003,6303.228330480619,1306.0910049992463,42470.43365821769,7165.412569244589,23942.313802636254,73578.16003009853
问题4-3_波动价,2025-06-11,71322.43491824005,76417.89529016636,5129.050871315161,33.59049938885664,5479.882683742128,1291.9652320482942,47322.12826059777,7040.600862059007,22336.0305513853,76698.75967404208
问题4-3_波动价,2025-06-12,69285.58846021947,71685.79166105889,2500.894088988625,100.690888149209,5728.213460876088,1025.3136950095889,45540.63321212396,3960.382870940001,24107.442003077376,73608.45808614134
问题4-3_波动价,2025-06-13,28321.381450000026,32615.425429648283,4294.043979648256,0.0,5375.012444870303,6446.790841185228,12491.114629043903,4593.038873678987,16005.014996533135,33089.168499256026
问题4-3_波动价,2025-06-14,28307.430533333358,30549.8968122691,2841.713629643554,599.2473507078091,6911.53435119139,8069.7550801271345,13080.094897506126,3545.675494705707,21246.66227173933,37872.432663951164
问题4-3_波动价,2025-06-15,64137.20252463065,71400.54372068647,7316.792675232715,53.45147917689383,4205.094023556444,1109.7433974985809,42005.742506994415,8532.694932387516,17242.145094307052,67780.58253368898
问题4-3_波动价,2025-06-16,67545.53936090534,72249.0139585761,4729.755540371605,26.280942700838978,5946.691680565365,1356.9325476120152,44589.40521456224,5792.4818594836415,25010.22541056388,75392.11248460977
问题4-3_波动价,2025-06-17,69465.86934752263,74739.54079406161,5303.072792412255,29.401345873269292,5326.9446238695455,1172.0023148063433,45936.41791968046,6724.981414097833,22190.567707427064,74851.96704120537
问题4-3_波动价,2025-06-18,70052.27598902468,72360.80191758057,4581.340400260808,2272.814471704924,4589.593012336807,2210.5068639453193,46372.27295656486,5104.50677717519,18540.406234014987,70017.18596775504
问题4-3_波动价,2025-06-19,65936.04281666665,68540.35320271681,5553.005015884202,2948.6946298340467,4941.8473143855235,1219.0901782008386,42292.094205154724,6468.782618031429,19944.265272448258,68705.14209563441
问题4-3_波动价,2025-06-20,28846.089091666694,29980.734796384975,1510.6603445446458,376.0146398263645,4442.774627074882,8828.127682385,13085.931110310567,1863.2207905192672,13810.759371535927,28759.91127236576
问题4-3_波动价,2025-06-21,29225.99785829904,30757.137983808763,1620.9221432402592,89.78201773053686,3416.7778795411373,11285.293940646648,12895.471446302288,1944.9685731825543,10247.179713640257,25087.6197331251
问题4-3_波动价,2025-06-22,64830.39950922496,66690.59920965157,3677.685768260628,1817.4860678340174,5260.541428242773,596.8595005218037,41473.41349020182,4591.812648903792,21854.74448332738,67919.970622433
问题4-3_波动价,2025-06-23,65582.56771450616,67967.27490411626,2429.542343995653,44.83515438556458,4835.217718492669,1798.7764116070382,42920.326779488474,3078.0947327589965,20752.820325737015,66751.24183798449
问题4-3_波动价,2025-06-24,77170.62750997941,77059.57493223676,1339.3256700985899,1450.3782478412477,4479.460110460546,985.4460273819575,52785.11240080954,1513.7124131860573,18118.052154484707,72416.87696848031
问题4-3_波动价,2025-06-25,67910.91842263374,71572.90073976529,3735.557013983261,73.57469685172111,4286.8229256415525,1720.7795563337597,43826.85103762632,4852.592389729236,18829.679338281694,67509.12276563725
问题4-3_波动价,2025-06-26,64982.10035833333,68903.31951777135,3921.2191594380183,0.0,4441.787165426053,1898.7297888718654,41940.42447085528,4159.55474845345,17770.64213592053,63870.62135522926
问题4-3_波动价,2025-06-27,30996.19993333336,30608.999390709458,848.3079145023703,1235.5084571262707,4578.790861014785,12044.761438289675,13734.08798122112,708.9467083529191,14552.981733450071,28996.01642302411
问题4-3_波动价,2025-06-28,29939.215458333358,31248.280704537774,1481.0594754040035,171.9942291995864,2865.8651984136177,8980.553119618033,13657.802468967511,1669.855443363973,8213.1423082134,23540.800220544883
问题4-3_波动价,2025-06-29,65443.851904595336,70805.63293441138,5440.218230618821,78.43720080277672,3566.0961274935935,1366.384488826301,42692.726746232496,6555.510561373427,14304.854928696148,63553.09223630207
问题4-3_波动价,2025-06-30,71415.19810024691,71962.71834642407,655.5721142318482,108.05186805469293,3672.3668072529485,1717.5767240212133,46589.79396570561,951.3771689095837,15038.972685311224,62580.14381992642
问题4-3_波动价,2025-07-01,61714.65353048696,74058.21563920876,12343.562108721806,0.0,10461.506978071195,1526.5748273511892,43523.84216157016,16319.241336750749,40159.754033308185,100002.83753162909
问题4-3_波动价,2025-07-02,57456.761194170096,66347.037043747,8890.275849576898,0.0,10904.087445346178,733.9799755842125,42291.385722741565,10902.70221921524,43756.13465334404,96950.22259530085
问题4-3_波动价,2025-07-03,65830.70349200959,75259.71820243477,9429.01471042518,0.0,10320.240110932435,1972.6781356312904,47922.90342061411,12765.520149537439,41056.44064661497,101744.86421676651
问题4-3_波动价,2025-07-04,29139.016018415663,33529.13373512424,4390.117716708579,0.0,10117.524114455326,11457.649964497241,14914.47296722503,5929.218056162643,32965.7626935674,53809.453716955075
问题4-3_波动价,2025-07-05,30325.46304166669,35410.98845641366,5085.525414746972,0.0,10353.258983165751,13459.167472912723,15074.65855412223,6780.932001715065,31881.157363812305,53736.7479196496
问题4-3_波动价,2025-07-06,61612.339127263374,77785.28085769141,16172.941730428036,0.0,7541.622721343865,1413.878985369809,45618.187620353085,19282.892412398072,29636.531878937567,94537.61191168873
问题4-3_波动价,2025-07-07,62143.68469746227,68405.43107785104,6261.7463803887695,0.0,9300.451224320264,698.9327229185992,45269.099225743645,8399.033478669171,35938.83084022071,89606.96354463353
问题4-3_波动价,2025-07-08,66852.0891797668,71884.86615634967,6030.766427388411,997.989450805541,8669.052303201937,857.9119352729982,48144.16654936199,9061.76217110611,35145.99330591198,92351.92202638007
问题4-3_波动价,2025-07-09,67136.51464862828,71471.72176506175,4382.114176219702,46.907059786217246,7892.478814976844,1319.051224160841,47779.08329527811,7268.703736613306,31366.316627156226,86414.10365904764
问题4-3_波动价,2025-07-10,59792.03790751028,68326.42933257473,8534.39142506444,0.0,9187.850154594462,909.7124487477122,44104.01646357868,11172.922632555077,34715.81992207561,89992.75901820937
问题4-3_波动价,2025-07-11,32191.381041666693,34937.60171012782,3131.4153921105135,385.19472364938974,8699.986767104827,7920.477993899284,17538.981008285016,4108.754053584636,27304.8623599207,48952.59742179035
问题4-3_波动价,2025-07-12,31693.795798662573,37344.00952236583,5650.2137237032575,0.0,6798.300370956592,9663.46057799318,16396.721424791176,6250.350620412583,20912.572942942166,43559.64498814593
问题4-3_波动价,2025-07-13,66587.6182223937,66216.74212953153,2475.625958782263,2846.5020516444474,7977.234188377875,1077.5384624293138,48197.61071938881,2945.8544184422017,32340.92110043622,83484.38623826724
问题4-3_波动价,2025-07-14,62685.516471296294,68356.33778632837,5729.430253397679,58.60893836561024,8290.776158447574,684.5861271324231,44523.97839239888,8363.135903535274,32765.800560617692,85652.91485655184
问题4-3_波动价,2025-07-15,66649.77039485596,67501.95079866651,2095.1202836775533,1242.9398798670038,9316.710125825226,420.7763716869888,47558.63468577222,3328.017793889249,38779.2006401114,89665.85311977287
问题4-3_波动价,2025-07-16,63735.159269261654,69619.36783472805,5884.2085654664,0.0,7619.460377027437,1188.5784490394499,47369.16482117135,7595.105201238293,28337.250462356482,83301.52048476612
问题4-3_波动价,2025-07-17,61682.24505269446,69930.19935639654,8247.954303702078,0.0,7643.669349964127,804.9257121908767,44787.82586443168,10405.491064533982,30462.20965509938,85655.52658406504
问题4-3_波动价,2025-07-18,33771.61578333336,35329.731783282805,2605.578144727472,1047.462144778022,8207.457232601264,8747.940915884044,17872.927095896957,3075.735674593871,26114.92105276814,47063.58382325897
问题4-3_波动价,2025-07-19,34580.56247993829,36641.33642097936,3011.637011344917,950.8630703038523,6526.745203170353,12462.738104211672,18279.721898510532,3747.6072825924693,20235.98435866712,42263.313539770126
问题4-3_波动价,2025-07-20,67992.1905655693,71331.17402246021,4192.745173912611,853.761717021691,5983.969537122763,1354.0196605970782,47680.149555818985,6062.814840467247,23464.706603667673,77207.6709999539
问题4-3_波动价,2025-07-21,68507.1871425926,72511.1860766894,4269.1001622410795,265.10122814426813,6701.6172947558625,1192.9381165695095,49972.580849018894,5723.814150506168,25826.648316122926,81523.04331564798
问题4-3_波动价,2025-07-22,66109.36982929595,74580.78466476484,8471.414835468888,0.0,5843.1582585420765,2388.2980474145083,48038.52022408841,9134.002138854139,22311.878467399678,79484.40083034223
问题4-3_波动价,2025-07-23,76649.91880188615,72143.87321324677,1807.607885692963,6313.653474332339,6963.635764885002,1021.7848801520406,54849.36818873695,1270.2170268084085,28942.072568912638,85061.657784458
问题4-3_波动价,2025-07-24,75641.9620393347,73428.38248714499,1556.9654795487581,3770.5450317384693,5142.785022167503,1079.6301287507868,55082.341645278815,1438.9557455818378,19189.79744806914,75711.0948389298
问题4-3_波动价,2025-07-25,34092.96461371744,35697.802932474326,1728.4168734053706,123.57855464848922,5708.648760036364,11563.687123237689,18463.158840467717,2031.8910763581757,18689.30151030972,39184.35142713562
问题4-3_波动价,2025-07-26,34232.06537990396,37312.160199638616,3080.0948197346593,0.0,4988.414352669868,10478.937976796804,18155.763563988425,3449.843045140959,16213.765666810952,37819.37227594033
问题4-3_波动价,2025-07-27,68914.613225,72898.49521696327,4424.056887279996,440.1748953167215,6246.297434171514,1331.8324819745053,49169.86396168751,5809.909790017893,25300.195079905374,80279.96883161078
问题4-3_波动价,2025-07-28,71731.3868643426,77210.15821331204,5478.771348969449,0.0,6034.136722621659,1050.1369250856478,51633.67501153069,7379.042965577933,24386.403997379653,83399.12197448827
问题4-3_波动价,2025-07-29,71765.24689598764,80076.69746497682,8341.415648555861,29.9650795666804,3298.7523818612513,2917.846090748267,52134.95321126775,8579.939135812196,14025.991592845501,74740.88393992545
问题4-3_波动价,2025-07-30,65045.24075092592,77436.57206712382,12391.331316197906,0.0,2892.5600377456344,2292.498369928341,48501.26950459195,13227.736249002513,11844.510981911928,73573.51673550639
问题4-3_波动价,2025-07-31,69430.73148767387,77546.00249719927,8115.271009525393,0.0,3421.009766851031,1927.6412620611027,50119.60440234091,9071.880508250828,14142.425065699885,73333.90997629163
问题4-3_波动价,2025-08-01,37090.98467942389,37861.41071095583,1549.4550653061199,779.029033774178,3319.167600909764,16495.473732441704,20149.67911300204,1654.9182874925166,10509.085059876563,32313.682460371117
问题4-3_波动价,2025-08-02,38170.56964118658,38173.96993319273,658.4291592850309,655.0288672788761,3879.2366360831948,17534.248125023987,20410.937379287967,560.6313022716976,13896.853803412609,34868.422484972274
问题4-3_波动价,2025-08-03,60580.20217215363,62288.79933920089,1725.321769396021,16.72460234876644,5204.219064827253,1244.5019263189465,44586.59557448915,2293.0624087583374,22339.81703148406,69219.47501473155
问题4-3_波动价,2025-08-04,64143.660458093276,66873.5729325755,3133.5384189213974,403.6259444391817,3912.3690135871466,1784.9336585964977,47739.836235166214,3403.720727023811,16362.281480362975,67505.838442553
问题4-3_波动价,2025-08-05,66156.6812180727,68870.42271344045,2858.255052323129,144.51355695537427,2437.398151116928,2367.9241346298804,48954.410750108305,1888.1356873394598,10893.89356235352,61736.43999980129
问题4-3_波动价,2025-08-06,74002.56020877368,71467.48598913621,588.5805108088857,3123.654730446359,2967.230698389804,2465.2265955877833,55603.9742350682,-938.1892609347753,13832.789149819353,68498.57412395279
问题4-3_波动价,2025-08-07,75681.4042119407,68229.51506012972,863.5389235158715,8315.42807532684,2994.0859150932138,3996.7835534895,52813.545916687195,-819.4569528569139,13453.343605552353,65447.43256938263
问题4-3_波动价,2025-08-08,39256.70769166669,39177.1789326647,78.84973444372446,158.37849344571612,1539.1021652459171,21418.073106710464,21026.862324591682,-1.611845036132982,6101.693331563609,27126.94381111916
问题4-3_波动价,2025-08-09,39387.754846262025,39312.3908756242,86.63472007024117,161.99869070806847,1535.6629644219472,18433.738518788003,21470.212308977156,-24.001919707431753,5625.621450366028,27071.83183963575
问题4-3_波动价,2025-08-10,69032.91954914265,67485.97389948886,328.14313460032173,1875.0887842541163,2877.305291222554,1527.8519636012281,51486.449947264526,-333.77802136800545,11696.626927926254,62849.29885382277
问题4-3_波动价,2025-08-11,68180.14894910836,69408.02318439643,1771.748269517167,543.8740342291005,2421.35434115121,2960.159473961856,48094.82419054738,1776.4059992352625,11086.276548366792,60957.50673814943
问题4-3_波动价,2025-08-12,75616.21443220164,72871.60683587803,704.3329888298089,3448.9405851534175,1561.6503568514565,3084.3065550599404,54424.698766094836,65.92388327851755,7432.719454365861,61923.34210373921
问题4-3_波动价,2025-08-13,67950.31058182441,70947.28715250283,3193.66527766896,196.68870699053684,1850.4679726576087,3144.840049631806,49348.99898378764,2796.833600065722,9302.909872427721,61448.742456281085
问题4-3_波动价,2025-08-14,69535.59723484225,71754.28139031655,2965.815048160002,747.130892685705,1754.5615198358773,3688.795471472253,51240.91383553983,1810.652903219757,8435.037198886253,61486.60393764584
问题4-3_波动价,2025-08-15,40579.93458333336,39240.10888791591,300.6248819891372,1640.450577406589,1692.7991207685423,20733.181125351093,22638.612562827515,-415.2339257597794,5936.960440309404,28160.33907737714
问题4-3_波动价,2025-08-16,42246.32532956104,39097.772668271224,334.6183906657554,3483.1710519555695,1708.9520544496984,20547.65270982655,23562.175425110003,-1004.1635044167962,7576.070822505476,30134.082743198684
问题4-3_波动价,2025-08-17,73019.57159290124,69250.58135330661,355.72857544129363,4124.718815035909,2059.9726832555275,4509.176814448512,51646.40500833112,-452.7888134730638,10170.941578687196,61364.55777354525
问题4-3_波动价,2025-08-18,70634.07339547324,69805.2202343175,850.3147919837826,1679.1679531395203,1938.3871789037362,3360.601845896745,51763.81590973033,-83.02449437566577,9218.328440521125,60899.11985587579
问题4-3_波动价,2025-08-19,70659.47494622771,69770.23312757151,122.30205537058555,1011.5438740267771,1878.3946324748508,3666.2547958767527,51767.94133938343,-544.8518212882312,10424.188941120443,61647.27845921564
问题4-3_波动价,2025-08-20,79701.85854618829,75025.505612466,515.5998231532983,5191.9527568755875,2175.495573802244,2358.110073001114,56829.24169895296,-1032.610813145183,10790.520811653121,66587.1516974609
问题4-3_波动价,2025-08-21,75273.09422668039,70642.97152955114,0.0,4630.1226971292535,1771.3821625189057,2854.3533776573327,53662.830135405886,-1555.8461215507498,9187.676538891905,61294.66055274704
问题4-3_波动价,2025-08-22,41354.8048240741,40311.02924025345,250.70937805668314,1294.4849618773344,1827.3041061187544,17395.252594520327,22752.582924054448,-302.3154982746147,7484.756997434179,29935.024423214014
问题4-3_波动价,2025-08-23,40597.00571947876,40688.66386174057,656.7900955962505,565.1319533344431,1294.7463572453107,15870.428810299281,21626.11484245917,413.02498189323666,5214.290104222834,27253.429928575242
问题4-3_波动价,2025-08-24,70366.6622702332,69829.11722797975,170.19301374012858,707.7380559935648,1822.4944320814411,3976.1849170675146,52364.961904033014,-243.02882243922124,8935.807443149011,61057.74052474281
问题4-3_波动价,2025-08-25,92580.88829873112,75777.5056144576,0.0,16803.382684273536,1677.139536692648,2783.4460472058045,66267.36957142536,-6016.5687057637515,8651.458965307947,68902.25983096956
问题4-3_波动价,2025-08-26,72482.48518240743,71882.12680936654,1749.9550093974917,2350.313382438376,1303.9908207042636,3688.5415902031414,53367.2538898513,-1.2262130416213624,6241.779449783508,59607.807126593194
问题4-3_波动价,2025-08-27,74013.94500024008,75635.61097152467,3203.7330008326444,1582.0670295480445,933.5665473536067,4632.669066354104,53486.70093000474,2139.666497049214,5744.197169571324,61370.56459662528
问题4-3_波动价,2025-08-28,72750.64757945815,75993.79985050899,3989.4791207552803,746.3268497044343,2258.6026611566003,3671.8347087668603,51855.56318220478,4046.6776237692293,11708.507611113839,67610.74841708785
问题4-3_波动价,2025-08-29,43893.32472222224,42037.2359529461,0.0,1856.0887692761444,932.1656545511289,16910.180437439165,24100.10193856612,-810.5349600156441,4473.051119431647,27762.618097982122
问题4-3_波动价,2025-08-30,43078.01250689303,41566.614424117906,0.0,1511.3980827751213,802.8852531543555,20324.666365212623,23817.37714229476,-574.7397816243272,3343.1684286267505,26585.805789297185
问题4-3_波动价,2025-08-31,71993.03594403292,72184.45051476792,1294.376588952237,1102.9620182172443,2195.495211125733,3827.17522445519,52174.17034871267,195.45855305046166,10047.583226840461,62417.2121286036
问题4-3_波动价,2025-09-01,82252.66799609053,67932.12716127223,0.0,14320.540834818297,456.95148349242936,11301.968127187592,51647.41706804214,-4780.1084440796685,2703.6344825603987,49570.94310652287
问题4-3_波动价,2025-09-02,72541.58450270919,67689.67214142285,610.3016385681209,5462.21399985446,560.9391891955684,10399.669436467688,46174.96284397182,-1783.6130001114934,3374.3345209190393,47765.684364779365
问题4-3_波动价,2025-09-03,77647.44836999313,68036.6361769517,0.0,9610.812193041429,757.5923424129772,9438.438914263219,50381.28460069601,-3322.8982418607393,3867.7957216315394,50926.18208046681
问题4-3_波动价,2025-09-04,75338.51531498627,66975.18911383985,0.0,8363.326201146427,1198.4231338385302,10308.520938128735,49106.266753005984,-3314.127795955608,5484.568221956793,51276.707179007164
问题4-3_波动价,2025-09-05,42211.65233333336,36882.9478058263,0.0,5328.704527507059,625.0088630042462,27565.69670727259,20357.921706303066,-2205.52980934644,2962.9730361848387,21115.364933141464
问题4-3_波动价,2025-09-06,42566.56083590537,38133.844416090804,0.0,4432.716419814571,478.46876729754194,27434.827273934352,20299.310915436425,-1895.6661453498161,2403.856910124301,20807.50168021091
问题4-3_波动价,2025-09-07,72046.5967894719,69199.52424549389,2178.791691639833,5025.864235617853,595.3089973613744,10867.891498986388,46485.65551203102,-793.5124681772512,3196.9271931483026,48889.07023700207
问题4-3_波动价,2025-09-08,80185.52601193413,73332.8521723136,603.9549809380886,7456.628820558622,413.5881613326645,10389.066482667922,51512.68207513127,-1886.6703678281478,2321.207263802342,51947.21897110546
问题4-3_波动价,2025-09-09,69003.3325046982,66726.79947265593,915.7007736479025,3192.233805690191,719.3093834054459,10516.262205881401,45556.95462998905,-611.6447882907878,3750.5261495179707,48695.835991216234
问题4-3_波动价,2025-09-10,81751.48695826474,73051.16590110374,250.52802401412072,8950.849081175118,1316.3871320768612,8970.93060238097,52910.971733681305,-3063.059298555258,6394.4982409212425,56242.41067604729
问题4-3_波动价,2025-09-11,80807.8904244513,65984.64516064165,0.0,14823.245263809651,1008.7655243314877,9590.956795275495,51707.002917435646,-4866.600012481176,5411.028766326669,52251.43167128114
问题4-3_波动价,2025-09-12,42934.22421666669,39102.84412209047,0.0,3831.3800945762246,400.44226453863354,24553.51193266324,20457.176689128064,-1701.491232830228,1827.1875300723807,20582.872986370217
问题4-3_波动价,2025-09-13,42584.18980833336,39060.14398548443,0.0,3524.0458228489306,171.65296695289135,27928.457552899366,20456.245556777227,-1560.7053440151167,835.9572167171657,19731.497429479277
问题4-3_波动价,2025-09-14,85232.4864930504,74421.2682876569,0.0,10811.218205393503,317.0943113072334,10478.82176021627,55674.648420222984,-4270.518683763086,1545.9670997857863,52950.096836245684
问题4-3_波动价,2025-09-15,70282.75576172839,66360.58880801745,0.0,3922.1669537109365,1586.3304061711372,8874.707802618945,46935.844798633734,-2067.5137144862238,8058.377707239279,52926.70879138679
问题4-3_波动价,2025-09-16,84127.05555606996,73269.48218576304,0.0,10857.573370306913,185.98409510285387,9745.267501842896,55021.51588727328,-4114.6086469753445,1009.1316393830517,51916.038879680986
问题4-3_波动价,2025-09-17,79908.9252792181,71768.09527834345,0.0,8140.830000874651,975.0979813099812,8499.705502747385,52638.99966529544,-3518.975819941908,4185.813294429392,53305.83713978293
问题4-3_波动价,2025-09-18,71736.75757098768,73057.59576545107,4511.171221511804,3190.3330270484116,691.1899929792876,10567.26305734082,47045.24729168846,1302.271888099818,3379.689657617401,51727.20883740568
问题4-3_波动价,2025-09-19,42730.79569444447,38823.82645795431,0.0,3906.969236490157,297.9157775906498,19723.269784739525,20743.291315110007,-1670.7945621565545,1301.7643968156035,20374.261149769056
问题4-3_波动价,2025-09-20,43355.94433055558,39329.309054103236,0.0,4026.635276452342,627.3618505965001,20726.75512091636,20599.370259848343,-1686.6694463418655,2357.1223312114985,21269.823144717975
问题4-3_波动价,2025-09-21,79124.09381320301,72498.52163908753,0.0,6625.572174115483,338.23621478236305,10738.989333548352,51989.74759311399,-2661.8612940750045,1782.518494381444,51110.404793420435
问题4-3_波动价,2025-09-22,82514.76000037722,70658.02364684774,0.0,11856.736353529493,1492.4399116438835,7489.764252913296,55006.89640640068,-4532.085925862616,6190.055488968513,56664.86596950658
问题4-3_波动价,2025-09-23,80239.41813072702,74141.75806901815,0.0,6097.660061708872,646.6919757467668,8476.937426253906,52692.145841348596,-2539.3460943773557,3040.588463634607,53193.388210605845
问题4-3_波动价,2025-09-24,70384.31387417695,72081.76621222716,4541.550807640979,2844.0984695907705,1118.2738093864557,8121.643812155167,46982.86500276586,2049.7887620193846,5056.941704312969,54089.59546909821
问题4-3_波动价,2025-09-25,76663.54998336763,73968.74943079935,878.9195864672887,3573.7201390355626,742.9369197194169,10232.46436114057,50351.099669947725,-1019.0046857476536,3707.090415641731,53039.1853998418
问题4-3_波动价,2025-09-26,43518.904116666694,38160.70093813764,0.0,5358.20317852905,287.9228451892635,17168.164475706595,20487.870985326394,-2091.251867706424,1049.092502562219,19445.71162018219
问题4-3_波动价,2025-09-27,41905.65810689303,39398.9624596261,27.32812196709763,2534.023769234027,482.07180439219485,18754.29465564369,20512.41705136769,-1110.1507631741963,1621.5460485275892,21023.812336721086
问题4-3_波动价,2025-09-28,76738.37518652264,76699.43438539724,2563.4865926748125,2602.4273938002007,282.835797336503,9399.414410616553,51057.560219651474,926.2392987825698,1301.6192520772966,53285.41877051134
问题4-3_波动价,2025-09-29,76382.79235010287,68923.47988013829,0.0,7459.312469964588,2323.8412296702872,4387.946945733688,50338.27754950839,-2947.3005816684154,10183.625973745535,57574.602941585516
问题4-3_波动价,2025-09-30,74675.938675,74428.48822345787,1628.1124210463763,1875.5628725884999,1127.7974344542858,5650.427212992497,49343.54689733555,573.427649871472,5509.462593890097,55426.43714109712
问题4-3_波动价,2025-10-01,71006.32807067901,64137.538303661655,0.0,6868.789767017358,301.3215900436502,10720.6735667391,44203.10491177021,-2184.3597548449384,1245.353256469695,43264.098413394975
问题4-3_波动价,2025-10-02,77689.7840877229,63923.09490046945,0.0,13766.68918725345,406.2060037480958,8536.330253423916,48476.830952842334,-4581.320219832201,1936.2211961845983,45831.73192919473
问题4-3_波动价,2025-10-03,37653.33038892318,34903.107643424155,78.71170767536768,2828.9344531743923,447.14977621968796,23938.096055505463,16205.602999998175,-1124.8867338431967,1572.8261528227997,16653.542418977777
问题4-3_波动价,2025-10-04,39692.0624485597,35695.750484852455,0.0,3996.311963707248,856.5639402009426,19920.772453479032,17822.612317451396,-1604.9146638844109,3163.64352079291,19381.341174359895
问题4-3_波动价,2025-10-05,76704.57539248971,65475.66444956678,0.0,11228.91094292293,602.7172034826597,7248.461578464011,47992.776756676685,-3596.7287219010163,2399.0155126469954,46795.063547422666
问题4-3_波动价,2025-10-06,63060.17387160494,64104.483372855415,2648.968429934471,1604.658928683993,1167.0177184745585,3477.3060218219075,40546.29712979274,1137.1577752057055,4488.184041771916,46171.63894677036
问题4-3_波动价,2025-10-07,66472.13534427297,66648.80087638379,2063.5751452770737,1886.9096131662595,305.87621331162495,5097.371930700593,41622.534647105516,1316.3797571139282,1349.8534893180663,44288.76789353751
问题4-3_波动价,2025-10-08,64136.720474999995,63186.289354568995,576.024053823701,1526.4551742547014,1211.683427994065,3869.419721053786,40563.495795951385,-306.51075931645227,5214.849402152115,45471.834438787046
问题4-3_波动价,2025-10-09,73923.14981769546,61901.670606567284,0.0,12021.479211128182,1376.21937380202,3458.9604374479172,46426.650805138495,-3725.272799355364,5956.988906633251,48658.366912416386
问题4-3_波动价,2025-10-10,35655.7961031893,33810.5672059855,0.0,1845.2288972038004,887.1010807748211,22059.95880215539,15321.52651824521,-690.5459783632405,2938.3041152720584,17569.284655154028
问题4-3_波动价,2025-10-11,36030.91257119345,33920.65171723945,0.0,2110.2608539539956,544.5445441759339,16947.600984848596,15592.765196065951,-843.7514095439805,1870.4858690115232,16619.499655533495
问题4-3_波动价,2025-10-12,67490.0925096022,64542.56170834841,54.65699579318505,3002.1877970469645,1440.4775105214987,3693.4882958635003,41907.272546358516,-1062.2616823897606,6786.626270961817,47631.63713493058
问题4-3_波动价,2025-10-13,68764.35020185185,62595.74366593654,807.3331044246573,6975.939640339958,1657.4071585020913,3172.4221911053064,42974.15329748286,-1261.1480292643485,6280.571583456108,47993.57685167462
问题4-3_波动价,2025-10-14,72148.60520030864,66459.79565559074,741.0346820387183,6429.844226756606,2064.5733093183303,3542.4768345155453,45514.17223548511,-1238.0344719676953,7586.424148473388,51862.5619119908
问题4-3_波动价,2025-10-15,74665.24682746916,67404.48082431602,1.3853844243861886,7262.151387577525,1819.556693352911,2819.070175532913,46949.58014908372,-2596.895663232339,6820.38658261979,51173.071068471174
问题4-3_波动价,2025-10-16,70146.61015054869,69508.39865182801,875.1817415892367,1513.3932403099084,762.3208978183499,3162.2862543827337,45135.49066761604,443.3213316285211,3117.431075211317,48696.24307445588
问题4-3_波动价,2025-10-17,33247.90718100137,33299.975934045455,1222.9927073001297,1170.9239542560479,521.8165862390463,14394.332050394238,14164.980629798532,573.7830655285672,1707.857601169482,16446.62129649658
问题4-3_波动价,2025-10-18,36203.68687788066,33727.317816251234,97.00297551466198,2573.3720371440863,650.5501412419774,14487.884589745448,15516.53068069466,-852.4930369122642,1935.762535168365,16599.800178950758
问题4-3_波动价,2025-10-19,71934.50528662551,68418.93052142594,0.0,3515.574765199567,1777.8818444186807,2145.462952067533,46789.5085050796,-1464.5404072313836,7768.223645406542,53093.191743254756
问题4-3_波动价,2025-10-20,75345.71077750342,70553.76395753087,0.0,4791.946819972557,888.2755992595706,2887.71031732589,49073.21701092006,-2122.8730171963257,3924.2775481478598,50874.621541871595
问题4-3_波动价,2025-10-21,74723.22104166666,73020.93538271239,735.2718130487838,2437.557472003064,856.8190526330691,3186.0232251584093,48417.89524785639,-114.22909145398496,3548.93410507092,51852.60026147332
问题4-3_波动价,2025-10-22,70926.85344341563,71092.48531276942,1167.276304210691,1001.6444348569078,993.3839952026112,2423.164345409874,46010.34615182888,486.38664117735414,4471.520495918354,50968.25328892459
问题4-3_波动价,2025-10-23,81595.08682311384,67739.54904429862,217.83835254210692,14073.376131357341,2165.635271440545,2381.2571722580565,51929.349537657974,-4411.16585018524,8568.464546961617,56086.64823443435
问题4-3_波动价,2025-10-24,34232.14320202332,33785.647092182255,241.8076241475752,688.3037339886417,754.1155565634822,12727.392260611303,14535.899528198599,-110.07485984068475,2305.1379014139575,16730.962569771873
问题4-3_波动价,2025-10-25,34424.53248395065,33477.95806425254,156.3271591970951,1102.9015788952006,947.8731278498,11560.105064488083,14533.864926322402,-316.664473338814,2733.551969320129,16950.752422303718
问题4-3_波动价,2025-10-26,75840.94295925926,68771.69173548464,26.67530931848262,7095.9265330931,2214.524868360278,2261.221074623515,48920.32498585268,-2502.3497978984647,8711.566306838684,55129.5414947929
问题4-3_波动价,2025-10-27,68825.10160473251,70962.49728840997,3365.0928594879983,1227.6971758105303,796.6814631725726,3884.8552619958887,44236.15655969681,2694.5549491796387,3127.103225206752,50057.8147340832
问题4-3_波动价,2025-10-28,69065.39974115226,71515.50430274162,3235.0149243548294,784.9103627654592,1350.0195757265437,2585.146510094649,44989.672409430525,2809.1821453095617,5477.151539959712,53276.0060946998
问题4-3_波动价,2025-10-29,76165.83906180556,75617.08807345261,756.3867010755318,1305.137689428466,619.581644061484,2646.7365507962113,49584.67789857868,555.3349008999097,2328.3278294304305,52468.34062890902
问题4-3_波动价,2025-10-30,66960.32348868312,68244.36579792417,2046.3986979290441,762.3563886879967,2156.722707292966,1551.542141365115,43651.35904154007,1914.5794713290827,9066.529774426233,54632.468287295385
问题4-3_波动价,2025-10-31,35308.246125000034,33873.576484079065,73.28205097257784,1507.9516918935494,1082.5740516321043,7378.525135711135,14897.43001067528,-441.16578228512947,3701.4995182714542,18157.763746661603
问题4-3_波动价,2025-11-01,34284.277019856,34562.38467991496,815.3221246721309,537.2144646131727,940.4669094042882,9486.182708137374,14144.797763704588,161.8866113514928,2738.0839230886786,17044.768298144758
问题4-3_波动价,2025-11-02,73249.2001,74228.28035091804,2190.214484136137,1211.134233218092,1091.7723601610783,2325.902725659429,48180.549494465275,1876.4337644473374,4513.043544835251,54570.02680374786
问题4-3_波动价,2025-11-03,78413.55019466666,74398.32513713306,0.0,4015.2250575336093,1427.1278523454866,2050.9341888154495,51279.093717828924,-1483.449793084916,6075.486820988187,55871.1307457322
问题4-3_波动价,2025-11-04,72369.30954218106,73133.20749346771,1135.2337951595623,371.33584387291,1301.9532877759887,2700.131087833816,47241.57450094153,935.5796030946517,5589.144074356614,53766.2981783928
问题4-3_波动价,2025-11-05,79787.54468227022,73546.41623158225,0.0,6241.1284506879765,1883.0648916682753,1549.5498606821905,52906.98988876589,-2405.401062676453,7995.129841626869,58496.71866771631
问题4-3_波动价,2025-11-06,74866.70083539098,76010.65595164461,1543.8507996469841,399.89568339335074,1533.2943071231946,1610.5451302266401,49277.88106750563,1705.5046380466404,6500.82335331367,57484.20905886594
问题4-3_波动价,2025-11-07,33771.689829938274,33837.20120078951,230.0202204806572,164.50884962941592,1374.9274383332863,8497.05776371742,13765.128184719662,171.5600007048591,4661.26778588099,18597.955971305513
问题4-3_波动价,2025-11-08,34214.12418590535,34824.97834209215,972.3416263565065,361.48747016970265,1175.4154073040731,8829.727034762307,14156.1281805094,362.25405734056125,3933.4710411967867,18451.853279046747
问题4-3_波动价,2025-11-09,77013.77986085802,76322.74053516978,286.68241115924195,977.721736847481,1176.4763455024924,1712.344818887747,50707.515159469185,-4.61816773343608,4729.97561621139,55432.872607947145
问题4-3_波动价,2025-11-10,77919.12571463306,80250.81969661788,2554.016102478925,222.32212049410703,1049.0023005070134,2882.650450407634,52116.74026859191,3039.2293595378446,4235.227064281473,59391.19669241123
问题4-3_波动价,2025-11-11,79981.82646808332,75943.44349645314,0.0,4038.382971630192,1273.795132253377,1403.5101244766868,53329.803018667524,-1675.6911989935654,5984.162125257942,57638.2739449319
问题4-3_波动价,2025-11-12,76107.41816038889,76755.7800334428,1787.9267111846302,1139.5648381307137,1080.8078612098357,2627.2605309967694,50090.96601603043,1829.4914351681866,5255.627789625935,57176.08524082455
问题4-3_波动价,2025-11-13,73722.13684938272,76182.44230966808,2519.972518497081,59.667058211704216,1796.5562827227977,1484.2741927212778,49358.74983830454,3079.3052706432427,7513.300216059304,59951.35532500708
问题4-3_波动价,2025-11-14,34169.9239166667,36350.98596107727,2355.996617317762,174.93457290719607,1442.4230426704921,6874.1521167302435,14100.287686807495,1374.4402678167178,4542.777160099675,20017.50511472389
问题4-3_波动价,2025-11-15,36057.63771666671,34890.764206139036,0.0,1166.8735105276703,1548.1511567299992,4643.073901979625,15120.488598287231,-310.89649599424433,5325.968702168583,20135.56080446157
问题4-3_波动价,2025-11-16,76570.38917784637,79949.51675583523,3385.3723904259114,6.244812437053042,1076.6814702444376,2311.322287705501,51090.86473036582,4476.668063615195,4695.877290385635,60263.41008436665
问题4-3_波动价,2025-11-17,73535.12905895064,79051.82959198469,5561.11854427946,44.41801124541928,843.1762919599001,2865.816295280099,48866.730520563324,6091.830926663229,3266.358106889852,58224.9195541164
问题4-3_波动价,2025-11-18,77329.31147930761,78772.55113536265,1604.7464467604732,161.506790705434,1806.877339435672,1368.3670244613159,51931.44277294978,1907.1128570431472,7901.842225950878,61740.3978559438
问题4-3_波动价,2025-11-19,76125.07534925,81056.50154076365,5094.732671298813,163.306479785159,1107.2999333110886,2545.6051820611665,51686.86236885253,6406.619880066964,4324.741234427933,62418.22348334743
问题4-3_波动价,2025-11-20,76212.62060157822,79184.40153845327,3018.7000314257443,46.919094550702425,1362.939100457048,1247.5866174633506,50539.433581534,3910.443449879294,6149.495797640797,60599.3728290541
问题4-3_波动价,2025-11-21,34780.084436831276,35062.648690953094,319.5388914432431,36.97463732142137,1373.3796539562466,3866.5601606136693,14436.653853831358,302.80532801118164,4061.988172802457,18801.447354645
问题4-3_波动价,2025-11-22,37252.46490462959,35975.57824721807,86.51006096497389,1363.396718376492,1269.2976840544047,3259.564201920014,15405.094102010842,-76.81691141434386,3849.30822620946,19177.58541680596
问题4-3_波动价,2025-11-23,76600.97187075,80177.41679569789,3576.4449249478907,0.0,959.4729956290802,1729.8651971091938,51575.591131552064,4779.502999627031,3803.349280765491,60158.44341194459
问题4-3_波动价,2025-11-24,75925.29565144032,77962.85194970433,2209.8413588044245,172.28506054041793,1856.0459668588906,1148.1612609061256,50735.494743298994,2483.328064948754,7731.805217087463,60950.62802533521
问题4-3_波动价,2025-11-25,86763.03927499999,81071.14997588724,0.0,5691.889299112757,968.0716654371419,1531.1701936248921,59628.95038546833,-2429.6240747888137,3891.746581136488,61091.072891816
问题4-3_波动价,2025-11-26,81637.1372105624,82193.95332590342,1340.2370448308955,783.420929489876,1253.882821830596,2300.6062619588497,55776.02949026329,1589.3628679911135,5761.567390680165,63126.95974893457
问题4-3_波动价,2025-11-27,79030.7537864585,81381.3778477003,2350.624061241801,0.0,951.2673131670861,2363.641211206502,53791.32373723688,3192.430131960637,4259.5658140532205,61243.31968325074
问题4-3_波动价,2025-11-28,35327.31102352538,35679.851817908784,352.5407943834075,0.0,1399.3908217431058,2531.348240971135,14345.889562195916,337.4749058463696,4553.827185508315,19237.191653550602
问题4-3_波动价,2025-11-29,44022.33554238683,39779.10869483425,0.0,4243.226847552578,1226.4373616253279,2319.963572208261,17861.706179204386,-902.6247998570558,4016.9057492271577,20975.98712857449
问题4-3_波动价,2025-11-30,82353.3059452332,84834.80342560112,2764.9955150452834,283.49803467735785,1197.7056094426985,1372.554335814684,56602.90877851673,3802.3615189439074,5313.0029079158285,65718.27320537646
问题4-3_波动价,2025-12-01,86005.28672026748,87253.7648337883,1349.4257871583086,100.94767363749361,4889.520407635853,1208.9711957519735,63012.071845360886,2020.3573453203946,20261.400771034267,85293.82996171554
问题4-3_波动价,2025-12-02,89230.12377890946,90459.12119883513,2307.1600443652915,1078.162624439616,3918.041076638645,992.7874560681265,66207.99256903776,3373.646004097126,15670.314390760674,85251.95296389556
问题4-3_波动价,2025-12-03,79064.41777225,89705.47414112967,10641.056368879665,0.0,3571.9186069330563,1536.306002167961,57090.40980287203,14934.38111759813,12520.011354404345,84544.80227487451
问题4-3_波动价,2025-12-04,86615.31415802469,88849.9721346055,3270.836536337965,1036.178559757141,4355.5483780561935,1691.2028294558822,63630.0614899602,4492.123862474925,17227.50580040542,85349.69115284055
问题4-3_波动价,2025-12-05,38514.08015637859,43500.06665550739,5099.470937242662,113.4844381138704,3314.8963024898303,1501.1046932954175,16539.650001604336,4066.821394446946,9431.909962725835,30038.381358777115
问题4-3_波动价,2025-12-06,41354.156533813446,45368.4364201563,4226.596495851585,212.31660950873191,3659.829598371592,1216.0014129646029,18218.671931793262,3443.596089749559,10089.227129920164,31751.495151462987
问题4-3_波动价,2025-12-07,89422.82327314814,89122.67625847307,1239.9319920260043,1540.0790067010644,4720.923439444511,1454.1827035282322,66165.12292459764,1489.783849953094,18303.13576558331,85958.04254013405
问题4-3_波动价,2025-12-08,89242.69137791495,91953.86329942838,2895.3124940426046,184.14057252916712,2857.2295833335384,2279.1647156431845,66104.97895267446,4302.538233553053,9733.437278747258,80140.95446497477
问题4-3_波动价,2025-12-09,88313.91338405349,89543.00908439863,2260.5894095328476,1031.4937091877134,3602.603981940321,1044.0088154079426,64369.44707062464,3081.634799049782,14690.31138631795,82141.39325599239
问题4-3_波动价,2025-12-10,84211.11939310699,90187.25067160396,5976.13127849698,0.0,3831.505791037234,1228.2193982102149,62010.79552409206,8626.463784119403,14765.273147711345,85402.5324559228
问题4-3_波动价,2025-12-11,87377.72954365569,88365.1693323652,1455.6784700932224,468.2386813837102,3133.7420141893813,997.8728959942197,63129.14664452722,2131.9362256183413,11934.200059475863,77195.28292962143
问题4-3_波动价,2025-12-12,40286.34302479428,47074.86559080763,7004.316793628949,215.79422761559488,2752.7510484929653,2075.605199003856,17318.663006045892,5694.034669466621,7060.030984598138,30072.72866011065
问题4-3_波动价,2025-12-13,41608.76712290813,45091.650216980095,3840.955361267595,358.07226719563306,4020.4184807352285,1381.3245799040844,18320.70580586173,3192.145914503165,13176.2478634295,34689.09958379439
问题4-3_波动价,2025-12-14,83634.3677770919,91771.47470420673,8137.106927114833,0.0,3541.088486203574,1565.3490785320885,61060.88558163703,11711.03587880321,15091.54876944371,87863.47022988394
问题4-3_波动价,2025-12-15,83482.65139557613,92317.51397060958,8834.862575033449,0.0,3229.647159199781,1458.8922126419839,60962.837510992824,12818.34556413843,12447.96057272792,86229.14364785918
问题4-3_波动价,2025-12-16,88688.99692839506,92134.82897514183,3562.91355109578,117.08150434900881,3217.876486061731,1266.7981234540011,65751.52766592051,5194.180268315295,11819.921349840286,82765.6292840761
问题4-3_波动价,2025-12-17,89339.64027191358,90104.17291379959,1629.3340070288018,864.8013651427849,3440.82259632323,791.3831470982661,66253.97301854097,2126.8472110698626,12814.971344892429,81195.79157450327
问题4-3_波动价,2025-12-18,84641.47828487653,90441.65392142865,5800.175636552111,0.0,3131.1392985656626,1587.7887093248266,61590.20500877166,8581.56729396836,11276.135712439673,81447.9080151797
问题4-3_波动价,2025-12-19,38644.331620301775,44388.85537145933,5764.750923694108,20.227172536554065,3387.553469281601,793.8810779900516,16882.153759097026,4497.850630505235,10289.994403935389,31669.99879353765
问题4-3_波动价,2025-12-20,41672.795878600824,44997.35907122005,3324.5631926192323,0.0,3215.3130583371526,1077.495106073226,18123.368157158595,2491.723326072874,9411.262737766756,30026.354220998222
问题4-3_波动价,2025-12-21,87805.18582345678,91571.85597424963,4145.344655607981,378.6745048151357,4433.143102077611,2295.962430518646,64579.3304072633,5856.775425080804,18798.168542579468,89234.27437492357
问题4-3_波动价,2025-12-22,86156.68934166666,91084.59654193973,4927.907200273059,0.0,3376.491557496601,917.5124099742579,64053.375610101655,6890.80586711643,12747.872378058102,83692.05385527619
问题4-3_波动价,2025-12-23,88771.69226334018,89751.79947929474,1549.9354510340786,569.8282350795247,3205.662498556557,1065.1107363645087,65634.78544072989,2127.5211373210504,13207.089046380202,80969.39562443114
问题4-3_波动价,2025-12-24,87712.59589166666,90865.45837994646,3152.8624882797944,0.0,2733.4020418535797,1108.970238981522,64619.78644044138,4558.943271139002,9644.708946002398,78823.43865758278
问题4-3_波动价,2025-12-25,84092.74050000004,90254.55738220456,6161.816882204516,0.0,3833.6811720870323,1573.941039536262,61146.641473700816,8827.864998818495,15998.656163412592,85973.1626359319
问题4-3_波动价,2025-12-26,39775.1986638203,44812.49216468006,5288.309631829719,251.01613096996027,3152.168105653317,878.089147488849,17523.007902989215,4021.783545170546,9702.026418626056,31246.817866785816
问题4-3_波动价,2025-12-27,41832.612826954726,46221.04213978189,4388.429312827163,0.0,2800.500556435338,1494.8035058956216,17697.230658648772,3470.4680820482663,8401.98761166702,29569.686352364057
问题4-3_波动价,2025-12-28,87211.08938333332,89993.71540257828,2793.752641526802,11.126622281852406,2845.9971042261914,1540.7198054067248,63688.303510466656,4118.744650864457,10870.040016808463,78677.08817813957
问题4-3_波动价,2025-12-29,87742.09390987654,92002.14953890567,4260.0556290291315,0.0,1967.2460144613071,1748.2645695620536,63867.77192846678,5804.307590153931,7714.121574030504,77386.20109265122
问题4-3_波动价,2025-12-30,88871.14894979422,89758.9885718133,1262.7660682075882,374.92644618851807,2790.150741232442,1640.8325029675725,64494.06851033908,1762.7957228326475,11589.23913850351,77846.10337167524
问题4-3_波动价,2025-12-31,90778.20538333333,92393.94692116586,2103.760707720302,488.0191698877768,2301.5403419916647,1427.7885531057464,66946.26584879555,3099.603731782917,9486.481788740019,79532.35136931848
